INSERT INTO location
    (name, continent)
VALUES
    ('Austria', 'EUROPE'),
    ('Germany', 'EUROPE'),
    ('Denmark', 'EUROPE'),
    ('Switzerland', 'EUROPE'),
    ('Netherlands', 'EUROPE'),
    ('Japan', 'ASIA');

INSERT INTO ACCOUNT
    (id, created, deleted, updated, email, username, location)
VALUES
    (999999999, TIMESTAMP WITH TIME ZONE '2023-11-24 11:50:04.206298+01', NULL, TIMESTAMP WITH TIME ZONE '2023-11-24 11:50:04.206298+01', 'test1@email',  'test1', 'Austria'),
    (999999998, TIMESTAMP WITH TIME ZONE '2023-11-24 11:49:00.302842+01', NULL, TIMESTAMP WITH TIME ZONE '2023-11-24 11:49:00.302842+01', 'test2@email', 'test2', 'Denmark'),
    (999999997, TIMESTAMP WITH TIME ZONE '2023-11-24 11:49:23.151055+01', NULL, TIMESTAMP WITH TIME ZONE '2023-11-24 11:49:23.151055+01', 'test3@email', 'test3', 'Japan'),
    (999999996, TIMESTAMP WITH TIME ZONE '2023-11-24 11:49:47.996734+01', NULL, TIMESTAMP WITH TIME ZONE '2023-11-24 11:49:47.996734+01', 'test4@email', 'test4', 'Austria'),
    (999999901, TIMESTAMP WITH TIME ZONE '2023-11-24 11:49:47.996734+01', NULL, TIMESTAMP WITH TIME ZONE '2023-11-24 11:49:47.996734+01', 'test5@email', 'test5', 'Austria');

--bots for user 1
INSERT INTO BOT
    (id, created, deleted, updated, code_updated, current_code, current_state, default_state, elo_score, error_state_message, name, owner_id, banned)
VALUES
    (999999994, TIMESTAMP WITH TIME ZONE '2023-12-17 22:09:50.591343+01', NULL, TIMESTAMP WITH TIME ZONE '2023-12-17 22:09:50.591343+01', TIMESTAMP WITH TIME ZONE '2023-12-17 22:09:50.591343+01', 'Code of bot 1 for user test1', 'CREATED', 'READY', 1000, NULL, 'Neous', 999999999, FALSE),
    (999999995, TIMESTAMP WITH TIME ZONE '2023-12-17 22:09:50.591343+01', NULL, TIMESTAMP WITH TIME ZONE '2023-12-17 22:09:50.591343+01', TIMESTAMP WITH TIME ZONE '2023-12-17 22:09:50.591343+01', 'Code of bot 2 for user test1', 'CREATED', 'READY', 2000, NULL, 'Raxgios', 999999999, FALSE),
    (999999996, TIMESTAMP WITH TIME ZONE '2023-12-17 22:09:50.591343+01', NULL, TIMESTAMP WITH TIME ZONE '2023-12-17 22:09:50.591343+01', TIMESTAMP WITH TIME ZONE '2023-12-17 22:09:50.591343+01', 'Code of bot 3 for user test1', 'CREATED', 'READY', 3000, NULL, 'Jenlonos', 999999999, FALSE),
    (999999997, TIMESTAMP WITH TIME ZONE '2023-12-17 22:09:50.591343+01', NULL, TIMESTAMP WITH TIME ZONE '2023-12-17 22:09:50.591343+01', TIMESTAMP WITH TIME ZONE '2023-12-17 22:09:50.591343+01', 'Code of bot 4 for user test1', 'CREATED', 'READY', 4000, NULL, 'Tynixos', 999999999, FALSE),
    (999999998, TIMESTAMP WITH TIME ZONE '2023-12-17 22:09:50.591343+01', NULL, TIMESTAMP WITH TIME ZONE '2023-12-17 22:09:50.591343+01', TIMESTAMP WITH TIME ZONE '2023-12-17 22:09:50.591343+01', 'Code of bot 5 for user test1', 'CREATED', 'READY', 5000, NULL, 'Vexgios', 999999999, FALSE),
    (999999987, TIMESTAMP WITH TIME ZONE '2023-12-17 22:09:50.591343+01', NULL, TIMESTAMP WITH TIME ZONE '2023-12-17 22:09:50.591343+01', TIMESTAMP WITH TIME ZONE '2023-12-17 22:09:50.591343+01', 'Code of bot 6 for user test1', 'CREATED', 'READY', 6000, NULL, 'Zargitron', 999999999, FALSE),
    (999999986, TIMESTAMP WITH TIME ZONE '2023-12-17 22:09:50.591343+01', NULL, TIMESTAMP WITH TIME ZONE '2023-12-17 22:09:50.591343+01', TIMESTAMP WITH TIME ZONE '2023-12-17 22:09:50.591343+01', 'Code of bot 6 for user test1', 'CREATED', 'READY', 400, NULL, 'Vexphous', 999999999, FALSE),
    (999999985, TIMESTAMP WITH TIME ZONE '2023-12-17 22:09:50.591343+01', NULL, TIMESTAMP WITH TIME ZONE '2023-12-17 22:09:50.591343+01', TIMESTAMP WITH TIME ZONE '2023-12-17 22:09:50.591343+01', 'Code of bot 6 for user test1', 'CREATED', 'READY', 1200, NULL, 'Tydortron', 999999999, FALSE),
    (999999984, TIMESTAMP WITH TIME ZONE '2023-12-17 22:09:50.591343+01', NULL, TIMESTAMP WITH TIME ZONE '2023-12-17 22:09:50.591343+01', TIMESTAMP WITH TIME ZONE '2023-12-17 22:09:50.591343+01', 'Code of bot 6 for user test1', 'CREATED', 'READY', 510, NULL, 'Neodoros', 999999999, FALSE),
    (999999983, TIMESTAMP WITH TIME ZONE '2023-12-17 22:09:50.591343+01', NULL, TIMESTAMP WITH TIME ZONE '2023-12-17 22:09:50.591343+01', TIMESTAMP WITH TIME ZONE '2023-12-17 22:09:50.591343+01', 'Code of bot 6 for user test1', 'CREATED', 'READY', 254, NULL, 'Krygitron', 999999999, FALSE),
    (999999982, TIMESTAMP WITH TIME ZONE '2023-12-17 22:09:50.591343+01', NULL, TIMESTAMP WITH TIME ZONE '2023-12-17 22:09:50.591343+01', TIMESTAMP WITH TIME ZONE '2023-12-17 22:09:50.591343+01', 'Code of bot 6 for user test1', 'CREATED', 'READY', 789, NULL, 'Vexnixax', 999999999, FALSE),
    (999999981, TIMESTAMP WITH TIME ZONE '2023-12-17 22:09:50.591343+01', NULL, TIMESTAMP WITH TIME ZONE '2023-12-17 22:09:50.591343+01', TIMESTAMP WITH TIME ZONE '2023-12-17 22:09:50.591343+01', 'Code of bot 6 for user test1', 'CREATED', 'READY', 3510, NULL, 'Xendorphis', 999999999, FALSE),
    (999999980, TIMESTAMP WITH TIME ZONE '2023-12-17 22:09:50.591343+01', NULL, TIMESTAMP WITH TIME ZONE '2023-12-17 22:09:50.591343+01', TIMESTAMP WITH TIME ZONE '2023-12-17 22:09:50.591343+01', 'Code of bot 6 for user test1', 'CREATED', 'READY', 3510, NULL, 'Jenphoos', 999999999, FALSE),
    (999999999, TIMESTAMP WITH TIME ZONE '2023-12-17 22:09:50.591343+01', NULL, TIMESTAMP WITH TIME ZONE '2023-12-17 22:09:50.591343+01', TIMESTAMP WITH TIME ZONE '2023-12-17 22:09:50.591343+01', 'Code of bot 6 for user test1', 'CREATED', 'READY', 6000, NULL, 'Zargitron', 999999999, FALSE),
    (999999979, TIMESTAMP WITH TIME ZONE '2023-12-17 22:09:50.591343+01', NULL, TIMESTAMP WITH TIME ZONE '2023-12-17 22:09:50.591343+01', TIMESTAMP WITH TIME ZONE '2023-12-17 22:09:50.591343+01', 'Code of bot 7 for user test1', 'CREATED', 'READY', 5000, NULL, 'NewPagius', 999999999, FALSE),
    (999999978, TIMESTAMP WITH TIME ZONE '2023-12-17 22:09:50.591343+01', NULL, TIMESTAMP WITH TIME ZONE '2023-12-17 22:09:50.591343+01', TIMESTAMP WITH TIME ZONE '2023-12-17 22:09:50.591343+01', 'Code of bot 8 for user test1', 'CREATED', 'READY', 6000, NULL, 'SecondNewPagius', 999999999, FALSE);


--bots for user 2
INSERT INTO BOT
    (id, created, deleted, updated, code_updated, current_code, current_state, default_state, elo_score, error_state_message, name, owner_id, banned)
VALUES
    (999999993, TIMESTAMP WITH TIME ZONE '2023-12-17 22:09:50.591343+01', NULL, TIMESTAMP WITH TIME ZONE '2023-12-17 22:09:50.591343+01', TIMESTAMP WITH TIME ZONE '2023-12-17 22:09:50.591343+01', 'Code of bot 1 for user test2', 'CREATED', 'READY', 1000, NULL, 'Zarzorax', 999999998, FALSE),
    (999999992, TIMESTAMP WITH TIME ZONE '2023-12-17 22:09:50.591343+01', NULL, TIMESTAMP WITH TIME ZONE '2023-12-17 22:09:50.591343+01', TIMESTAMP WITH TIME ZONE '2023-12-17 22:09:50.591343+01', 'Code of bot 2 for user test2', 'CREATED', 'READY', 2000, NULL, 'Zarlonphis', 999999998, FALSE),
    (999999991, TIMESTAMP WITH TIME ZONE '2023-12-17 22:09:50.591343+01', NULL, TIMESTAMP WITH TIME ZONE '2023-12-17 22:09:50.591343+01', TIMESTAMP WITH TIME ZONE '2023-12-17 22:09:50.591343+01', 'Code of bot 3 for user test2', 'CREATED', 'READY', 3000, NULL, 'Jenphoium', 999999998, FALSE);


--bots for user 3
INSERT INTO BOT
    (id, created, deleted, updated, code_updated, current_code, current_state, default_state, elo_score, error_state_message, name, owner_id, banned)
VALUES
    (999999990, TIMESTAMP WITH TIME ZONE '2023-12-17 22:09:50.591343+01', NULL, TIMESTAMP WITH TIME ZONE '2023-12-17 22:09:50.591343+01', TIMESTAMP WITH TIME ZONE '2023-12-17 22:09:50.591343+01', 'Code of bot 1 for user test3', 'CREATED', 'READY', 1000, NULL, 'Neophis', 999999997, FALSE),
    (999999989, TIMESTAMP WITH TIME ZONE '2023-12-17 22:09:50.591343+01', NULL, TIMESTAMP WITH TIME ZONE '2023-12-17 22:09:50.591343+01', TIMESTAMP WITH TIME ZONE '2023-12-17 22:09:50.591343+01', 'Code of bot 2 for user test3', 'CREATED', 'READY', 2000, NULL, 'Krylonium', 999999997, FALSE),
    (999999988, TIMESTAMP WITH TIME ZONE '2023-12-17 22:09:50.591343+01', NULL, TIMESTAMP WITH TIME ZONE '2023-12-17 22:09:50.591343+01', TIMESTAMP WITH TIME ZONE '2023-12-17 22:09:50.591343+01', 'Code of bot 3 for user test3', 'CREATED', 'READY', 3000, NULL, 'Neotarphis', 999999997, FALSE);

-- Note: if the auto incrementer reaches 10000 it will result in a conflict as it does not know about these values, do not use in production
INSERT INTO ACCOUNT
    (id, username, email, location, created, updated)
VALUES
    (10000, '0test1', '0test1@email',  'Austria',  CURRENT_TIMESTAMP, CURRENT_TIMESTAMP),
    (10001, '0test2', '0test2@email',  'Denmark', CURRENT_TIMESTAMP, CURRENT_TIMESTAMP),
    (10002, '0test3', '0test3@email', 'Switzerland', CURRENT_TIMESTAMP, CURRENT_TIMESTAMP),
    (10003, '0test4', '0test4@email',  'Austria', CURRENT_TIMESTAMP, CURRENT_TIMESTAMP),
    (10004, '0test5', '0test5@email', 'Austria', CURRENT_TIMESTAMP, CURRENT_TIMESTAMP);

-- Create a few default bots
INSERT INTO BOT
    (id, name, owner_id, current_code, code_updated, elo_score, current_state, default_state, created, updated, banned)
VALUES
    (10000, 'Neophotron', 10000, '', CURRENT_TIMESTAMP, 1000, 'CREATED', 'READY', CURRENT_TIMESTAMP, CURRENT_TIMESTAMP, FALSE),
    (10001, 'Neozoros', 10000, '', CURRENT_TIMESTAMP, 1000, 'CREATED', 'READY', CURRENT_TIMESTAMP, CURRENT_TIMESTAMP, FALSE),
    (10002, 'Zarlonphis', 10000, '', CURRENT_TIMESTAMP, 1000, 'CREATED', 'READY', CURRENT_TIMESTAMP, CURRENT_TIMESTAMP, FALSE),
    (10003, 'Vextarlar', 10000, '', CURRENT_TIMESTAMP, 1000, 'CREATED', 'READY', CURRENT_TIMESTAMP, CURRENT_TIMESTAMP, FALSE),
    (10004, 'Xentron', 10000, '', CURRENT_TIMESTAMP, 1000, 'CREATED', 'READY', CURRENT_TIMESTAMP, CURRENT_TIMESTAMP, FALSE),
    (10005, 'Vexgieon', 10000, '', CURRENT_TIMESTAMP, 1000, 'CREATED', 'READY', CURRENT_TIMESTAMP, CURRENT_TIMESTAMP, FALSE),
    (10006, 'Krytaros', 10000, '', CURRENT_TIMESTAMP, 1000, 'CREATED', 'READY', CURRENT_TIMESTAMP, CURRENT_TIMESTAMP, FALSE),
    (10007, 'Raxtphis', 10000, '', CURRENT_TIMESTAMP, 400, 'QUEUED', 'READY', CURRENT_TIMESTAMP, CURRENT_TIMESTAMP, FALSE),
    (10008, 'Raxtron', 10000, '', CURRENT_TIMESTAMP, 1000, 'QUEUED', 'READY', CURRENT_TIMESTAMP, CURRENT_TIMESTAMP, FALSE),
    (10009, 'Neophis', 10000, '', CURRENT_TIMESTAMP, 1050, 'QUEUED', 'READY', CURRENT_TIMESTAMP, CURRENT_TIMESTAMP, FALSE),
    (10010, 'Raxmekos', 10000, '', CURRENT_TIMESTAMP, 1100, 'QUEUED', 'READY', CURRENT_TIMESTAMP, CURRENT_TIMESTAMP, FALSE),
    (10011, 'Kryax', 10000, '', CURRENT_TIMESTAMP, 1150, 'QUEUED', 'READY', CURRENT_TIMESTAMP, CURRENT_TIMESTAMP, FALSE),
    (10012, 'Zartartron', 10000, '', CURRENT_TIMESTAMP, 1200, 'QUEUED', 'READY', CURRENT_TIMESTAMP, CURRENT_TIMESTAMP, FALSE),
    (10013, 'Vexdorium', 10000, '', CURRENT_TIMESTAMP, 1250, 'QUEUED', 'READY', CURRENT_TIMESTAMP, CURRENT_TIMESTAMP, FALSE),
    (10014, 'Vextarax', 10000, '', CURRENT_TIMESTAMP, 1400, 'QUEUED', 'READY', CURRENT_TIMESTAMP, CURRENT_TIMESTAMP, FALSE),
    (10015, 'Xennixos', 10000, '', CURRENT_TIMESTAMP, 1950, 'QUEUED', 'READY', CURRENT_TIMESTAMP, CURRENT_TIMESTAMP, FALSE),
    (10016, 'Raxtareon', 10000, '', CURRENT_TIMESTAMP, 2000, 'QUEUED', 'READY', CURRENT_TIMESTAMP, CURRENT_TIMESTAMP, FALSE),
    (10017, 'Xenphotron', 10000, '', CURRENT_TIMESTAMP, 2500, 'QUEUED', 'READY', CURRENT_TIMESTAMP, CURRENT_TIMESTAMP, FALSE),
    (10018, 'Krytarphis', 10000, '', CURRENT_TIMESTAMP, 2550, 'QUEUED', 'READY', CURRENT_TIMESTAMP, CURRENT_TIMESTAMP, FALSE),
    (10019, 'Krylonphis', 10000, '', CURRENT_TIMESTAMP, 2600, 'QUEUED', 'READY', CURRENT_TIMESTAMP, CURRENT_TIMESTAMP, FALSE),
    (10020, 'Krylonlar', 10000, '', CURRENT_TIMESTAMP, 5000, 'QUEUED', 'READY', CURRENT_TIMESTAMP, CURRENT_TIMESTAMP, FALSE);
INSERT INTO BOT_CODE
    (id, bot_id, code, created, updated)
VALUES
    (10000, 10000, '', CURRENT_TIMESTAMP, CURRENT_TIMESTAMP),
    (10001, 10000, '', CURRENT_TIMESTAMP, CURRENT_TIMESTAMP),
    (10002, 10002, '', CURRENT_TIMESTAMP, CURRENT_TIMESTAMP),
    (10003, 10007, '', CURRENT_TIMESTAMP, CURRENT_TIMESTAMP),
    (10004, 10008, '', CURRENT_TIMESTAMP, CURRENT_TIMESTAMP),
    (10005, 10009, '', CURRENT_TIMESTAMP, CURRENT_TIMESTAMP),
    (10006, 10010, '', CURRENT_TIMESTAMP, CURRENT_TIMESTAMP),
    (10007, 10011, '', CURRENT_TIMESTAMP, CURRENT_TIMESTAMP),
    (10008, 10012, '', CURRENT_TIMESTAMP, CURRENT_TIMESTAMP),
    (10009, 10013, '', CURRENT_TIMESTAMP, CURRENT_TIMESTAMP),
    (10010, 10014, '', CURRENT_TIMESTAMP, CURRENT_TIMESTAMP),
    (10011, 10015, '', CURRENT_TIMESTAMP, CURRENT_TIMESTAMP),
    (10012, 10016, '', CURRENT_TIMESTAMP, CURRENT_TIMESTAMP),
    (10013, 10017, '', CURRENT_TIMESTAMP, CURRENT_TIMESTAMP),
    (10014, 10018, '', CURRENT_TIMESTAMP, CURRENT_TIMESTAMP),
    (10015, 10019, '', CURRENT_TIMESTAMP, CURRENT_TIMESTAMP),
    (10016, 10020, '', CURRENT_TIMESTAMP, CURRENT_TIMESTAMP);

-- Create a few default games
INSERT INTO GAME
    (id, start_time, end_time, winning_bot_id, disqualified_bot_id, turns, game_state, participating_bot_ids, created, updated)
VALUES
    (10000, CURRENT_TIMESTAMP, CURRENT_TIMESTAMP, null, null, '[]', 'CREATED', ARRAY[10019, 10018, 10017], CURRENT_TIMESTAMP, CURRENT_TIMESTAMP),
    (10001, CURRENT_TIMESTAMP, CURRENT_TIMESTAMP, 10000, null,
     '[{"topCard":{"type":"NUMBER_CARD","color":"GREEN","number":3},"drawPile":[{"type":"NUMBER_CARD","color":"ANY","number":1},{"type":"CHOOSE_DRAW","color":"ANY","number":null},{"type":"NUMBER_CARD","color":"ORANGE","number":2},{"type":"CHOOSE","color":"ANY","number":null},{"type":"SWITCH","color":"PURPLE","number":null},{"type":"SKIP","color":"CYAN","number":null},{"type":"NUMBER_CARD","color":"GREEN","number":9},{"type":"NUMBER_CARD","color":"ANY","number":6},{"type":"SWITCH","color":"PURPLE","number":null},{"type":"NUMBER_CARD","color":"CYAN","number":8}],"hands":[{"botId":1,"cards":[]},{"botId":2,"cards":[{"type":"NUMBER_CARD","color":"GREEN","number":6},{"type":"NUMBER_CARD","color":"ORANGE","number":8},{"type":"NUMBER_CARD","color":"GREEN","number":4},{"type":"NUMBER_CARD","color":"CYAN","number":1},{"type":"NUMBER_CARD","color":"PURPLE","number":8},{"type":"NUMBER_CARD","color":"CYAN","number":4},{"type":"NUMBER_CARD","color":"PURPLE","number":1},{"type":"NUMBER_CARD","color":"GREEN","number":0},{"type":"CHOOSE","color":"ANY","number":null},{"type":"NUMBER_CARD","color":"PURPLE","number":4},{"type":"CHOOSE","color":"ANY","number":null},{"type":"CHOOSE","color":"ANY","number":null},{"type":"NUMBER_CARD","color":"GREEN","number":8},{"type":"SKIP","color":"CYAN","number":null},{"type":"SKIP","color":"ANY","number":null},{"type":"NUMBER_CARD","color":"GREEN","number":1},{"type":"NUMBER_CARD","color":"ORANGE","number":3},{"type":"NUMBER_CARD","color":"ANY","number":2}]}],"actions":[],"logMessages":[{"type":"system","message":"Player 1 played Card(type=DRAW_TWO, color=GREEN, number=null)"}]},{"topCard":{"type":"DRAW_TWO","color":"GREEN","number":null},"drawPile":[{"type":"NUMBER_CARD","color":"ANY","number":1},{"type":"CHOOSE_DRAW","color":"ANY","number":null},{"type":"NUMBER_CARD","color":"ORANGE","number":2},{"type":"CHOOSE","color":"ANY","number":null},{"type":"SWITCH","color":"PURPLE","number":null},{"type":"SKIP","color":"CYAN","number":null},{"type":"NUMBER_CARD","color":"GREEN","number":9},{"type":"NUMBER_CARD","color":"ANY","number":6},{"type":"SWITCH","color":"PURPLE","number":null},{"type":"NUMBER_CARD","color":"CYAN","number":8}],"hands":[{"botId":1,"cards":[]},{"botId":2,"cards":[{"type":"NUMBER_CARD","color":"GREEN","number":6},{"type":"NUMBER_CARD","color":"ORANGE","number":8},{"type":"NUMBER_CARD","color":"GREEN","number":4},{"type":"NUMBER_CARD","color":"CYAN","number":1},{"type":"NUMBER_CARD","color":"PURPLE","number":8},{"type":"NUMBER_CARD","color":"CYAN","number":4},{"type":"NUMBER_CARD","color":"PURPLE","number":1},{"type":"NUMBER_CARD","color":"GREEN","number":0},{"type":"CHOOSE","color":"ANY","number":null},{"type":"NUMBER_CARD","color":"PURPLE","number":4},{"type":"CHOOSE","color":"ANY","number":null},{"type":"CHOOSE","color":"ANY","number":null},{"type":"NUMBER_CARD","color":"GREEN","number":8},{"type":"SKIP","color":"CYAN","number":null},{"type":"SKIP","color":"ANY","number":null},{"type":"NUMBER_CARD","color":"GREEN","number":1},{"type":"NUMBER_CARD","color":"ORANGE","number":3},{"type":"NUMBER_CARD","color":"ANY","number":2}]}],"actions":[{"botId":2,"type":"DRAW_CARD","card":{"type":"NUMBER_CARD","color":"ANY","number":1}},{"botId":2,"type":"DRAW_CARD","card":{"type":"CHOOSE_DRAW","color":"ANY","number":null}}],"logMessages":[{"type":"system","message":"Player 2 picked up Card(type=NUMBER_CARD, color=ANY, number=1)."},{"type":"system","message":"Player 2 picked up Card(type=CHOOSE_DRAW, color=ANY, number=null)."},{"type":"system","message":"Player 2 played Card(type=CHOOSE_DRAW, color=ANY, number=null)"}]},{"topCard":{"type":"CHOOSE_DRAW","color":"ANY","number":null},"drawPile":[{"type":"NUMBER_CARD","color":"ORANGE","number":2},{"type":"CHOOSE","color":"ANY","number":null},{"type":"SWITCH","color":"PURPLE","number":null},{"type":"SKIP","color":"CYAN","number":null},{"type":"NUMBER_CARD","color":"GREEN","number":9},{"type":"NUMBER_CARD","color":"ANY","number":6},{"type":"SWITCH","color":"PURPLE","number":null},{"type":"NUMBER_CARD","color":"CYAN","number":8},{"type":"SWITCH","color":"CYAN","number":null},{"type":"NUMBER_CARD","color":"GREEN","number":1}],"hands":[{"botId":1,"cards":[]},{"botId":2,"cards":[{"type":"NUMBER_CARD","color":"GREEN","number":6},{"type":"NUMBER_CARD","color":"ORANGE","number":8},{"type":"NUMBER_CARD","color":"GREEN","number":4},{"type":"NUMBER_CARD","color":"CYAN","number":1},{"type":"NUMBER_CARD","color":"PURPLE","number":8},{"type":"NUMBER_CARD","color":"CYAN","number":4},{"type":"NUMBER_CARD","color":"PURPLE","number":1},{"type":"NUMBER_CARD","color":"GREEN","number":0},{"type":"CHOOSE","color":"ANY","number":null},{"type":"NUMBER_CARD","color":"PURPLE","number":4},{"type":"CHOOSE","color":"ANY","number":null},{"type":"CHOOSE","color":"ANY","number":null},{"type":"NUMBER_CARD","color":"GREEN","number":8},{"type":"SKIP","color":"CYAN","number":null},{"type":"SKIP","color":"ANY","number":null},{"type":"NUMBER_CARD","color":"GREEN","number":1},{"type":"NUMBER_CARD","color":"ORANGE","number":3},{"type":"NUMBER_CARD","color":"ANY","number":2}]}],"actions":[{"botId":1,"type":"DRAW_CARD","card":{"type":"NUMBER_CARD","color":"ORANGE","number":2}},{"botId":1,"type":"DRAW_CARD","card":{"type":"CHOOSE","color":"ANY","number":null}},{"botId":1,"type":"DRAW_CARD","card":{"type":"SWITCH","color":"PURPLE","number":null}},{"botId":1,"type":"DRAW_CARD","card":{"type":"SKIP","color":"CYAN","number":null}}],"logMessages":[{"type":"system","message":"Player 1 picked up Card(type=NUMBER_CARD, color=ORANGE, number=2)."},{"type":"system","message":"Player 1 picked up Card(type=CHOOSE, color=ANY, number=null)."},{"type":"system","message":"Player 1 picked up Card(type=SWITCH, color=PURPLE, number=null)."},{"type":"system","message":"Player 1 picked up Card(type=SKIP, color=CYAN, number=null)."},{"type":"system","message":"Player 1 played Card(type=SWITCH, color=PURPLE, number=null)"}]},{"topCard":{"type":"SWITCH","color":"PURPLE","number":null},"drawPile":[{"type":"NUMBER_CARD","color":"GREEN","number":9},{"type":"NUMBER_CARD","color":"ANY","number":6},{"type":"SWITCH","color":"PURPLE","number":null},{"type":"NUMBER_CARD","color":"CYAN","number":8},{"type":"SWITCH","color":"CYAN","number":null},{"type":"NUMBER_CARD","color":"GREEN","number":1},{"type":"NUMBER_CARD","color":"CYAN","number":2},{"type":"CHOOSE_DRAW","color":"ANY","number":null},{"type":"NUMBER_CARD","color":"ORANGE","number":7},{"type":"NUMBER_CARD","color":"PURPLE","number":1}],"hands":[{"botId":1,"cards":[]},{"botId":2,"cards":[{"type":"NUMBER_CARD","color":"GREEN","number":6},{"type":"NUMBER_CARD","color":"ORANGE","number":8},{"type":"NUMBER_CARD","color":"GREEN","number":4},{"type":"NUMBER_CARD","color":"CYAN","number":1},{"type":"NUMBER_CARD","color":"PURPLE","number":8},{"type":"NUMBER_CARD","color":"CYAN","number":4},{"type":"NUMBER_CARD","color":"PURPLE","number":1},{"type":"NUMBER_CARD","color":"GREEN","number":0},{"type":"CHOOSE","color":"ANY","number":null},{"type":"NUMBER_CARD","color":"PURPLE","number":4},{"type":"CHOOSE","color":"ANY","number":null},{"type":"CHOOSE","color":"ANY","number":null},{"type":"NUMBER_CARD","color":"GREEN","number":8},{"type":"SKIP","color":"CYAN","number":null},{"type":"SKIP","color":"ANY","number":null},{"type":"NUMBER_CARD","color":"GREEN","number":1},{"type":"NUMBER_CARD","color":"ORANGE","number":3},{"type":"NUMBER_CARD","color":"ANY","number":2}]}],"actions":[],"logMessages":[{"type":"system","message":"Player 1 played Card(type=NUMBER_CARD, color=PURPLE, number=6)"}]},{"topCard":{"type":"NUMBER_CARD","color":"PURPLE","number":6},"drawPile":[{"type":"NUMBER_CARD","color":"GREEN","number":9},{"type":"NUMBER_CARD","color":"ANY","number":6},{"type":"SWITCH","color":"PURPLE","number":null},{"type":"NUMBER_CARD","color":"CYAN","number":8},{"type":"SWITCH","color":"CYAN","number":null},{"type":"NUMBER_CARD","color":"GREEN","number":1},{"type":"NUMBER_CARD","color":"CYAN","number":2},{"type":"CHOOSE_DRAW","color":"ANY","number":null},{"type":"NUMBER_CARD","color":"ORANGE","number":7},{"type":"NUMBER_CARD","color":"PURPLE","number":1}],"hands":[{"botId":1,"cards":[]},{"botId":2,"cards":[{"type":"NUMBER_CARD","color":"GREEN","number":6},{"type":"NUMBER_CARD","color":"ORANGE","number":8},{"type":"NUMBER_CARD","color":"GREEN","number":4},{"type":"NUMBER_CARD","color":"CYAN","number":1},{"type":"NUMBER_CARD","color":"PURPLE","number":8},{"type":"NUMBER_CARD","color":"CYAN","number":4},{"type":"NUMBER_CARD","color":"PURPLE","number":1},{"type":"NUMBER_CARD","color":"GREEN","number":0},{"type":"CHOOSE","color":"ANY","number":null},{"type":"NUMBER_CARD","color":"PURPLE","number":4},{"type":"CHOOSE","color":"ANY","number":null},{"type":"CHOOSE","color":"ANY","number":null},{"type":"NUMBER_CARD","color":"GREEN","number":8},{"type":"SKIP","color":"CYAN","number":null},{"type":"SKIP","color":"ANY","number":null},{"type":"NUMBER_CARD","color":"GREEN","number":1},{"type":"NUMBER_CARD","color":"ORANGE","number":3},{"type":"NUMBER_CARD","color":"ANY","number":2}]}],"actions":[],"logMessages":[{"type":"system","message":"Player 2 played Card(type=CHOOSE_DRAW, color=ANY, number=null)"}]},{"topCard":{"type":"CHOOSE_DRAW","color":"ANY","number":null},"drawPile":[{"type":"NUMBER_CARD","color":"GREEN","number":9},{"type":"NUMBER_CARD","color":"ANY","number":6},{"type":"SWITCH","color":"PURPLE","number":null},{"type":"NUMBER_CARD","color":"CYAN","number":8},{"type":"SWITCH","color":"CYAN","number":null},{"type":"NUMBER_CARD","color":"GREEN","number":1},{"type":"NUMBER_CARD","color":"CYAN","number":2},{"type":"CHOOSE_DRAW","color":"ANY","number":null},{"type":"NUMBER_CARD","color":"ORANGE","number":7},{"type":"NUMBER_CARD","color":"PURPLE","number":1}],"hands":[{"botId":1,"cards":[]},{"botId":2,"cards":[{"type":"NUMBER_CARD","color":"GREEN","number":6},{"type":"NUMBER_CARD","color":"ORANGE","number":8},{"type":"NUMBER_CARD","color":"GREEN","number":4},{"type":"NUMBER_CARD","color":"CYAN","number":1},{"type":"NUMBER_CARD","color":"PURPLE","number":8},{"type":"NUMBER_CARD","color":"CYAN","number":4},{"type":"NUMBER_CARD","color":"PURPLE","number":1},{"type":"NUMBER_CARD","color":"GREEN","number":0},{"type":"CHOOSE","color":"ANY","number":null},{"type":"NUMBER_CARD","color":"PURPLE","number":4},{"type":"CHOOSE","color":"ANY","number":null},{"type":"CHOOSE","color":"ANY","number":null},{"type":"NUMBER_CARD","color":"GREEN","number":8},{"type":"SKIP","color":"CYAN","number":null},{"type":"SKIP","color":"ANY","number":null},{"type":"NUMBER_CARD","color":"GREEN","number":1},{"type":"NUMBER_CARD","color":"ORANGE","number":3},{"type":"NUMBER_CARD","color":"ANY","number":2}]}],"actions":[{"botId":1,"type":"DRAW_CARD","card":{"type":"NUMBER_CARD","color":"GREEN","number":9}},{"botId":1,"type":"DRAW_CARD","card":{"type":"NUMBER_CARD","color":"ANY","number":6}},{"botId":1,"type":"DRAW_CARD","card":{"type":"SWITCH","color":"PURPLE","number":null}},{"botId":1,"type":"DRAW_CARD","card":{"type":"NUMBER_CARD","color":"CYAN","number":8}}],"logMessages":[{"type":"system","message":"Player 1 picked up Card(type=NUMBER_CARD, color=GREEN, number=9)."},{"type":"system","message":"Player 1 picked up Card(type=NUMBER_CARD, color=ANY, number=6)."},{"type":"system","message":"Player 1 picked up Card(type=SWITCH, color=PURPLE, number=null)."},{"type":"system","message":"Player 1 picked up Card(type=NUMBER_CARD, color=CYAN, number=8)."},{"type":"system","message":"Player 1 played Card(type=NUMBER_CARD, color=CYAN, number=9)"}]},{"topCard":{"type":"NUMBER_CARD","color":"CYAN","number":9},"drawPile":[{"type":"SWITCH","color":"CYAN","number":null},{"type":"NUMBER_CARD","color":"GREEN","number":1},{"type":"NUMBER_CARD","color":"CYAN","number":2},{"type":"CHOOSE_DRAW","color":"ANY","number":null},{"type":"NUMBER_CARD","color":"ORANGE","number":7},{"type":"NUMBER_CARD","color":"PURPLE","number":1},{"type":"NUMBER_CARD","color":"CYAN","number":7},{"type":"CHOOSE_DRAW","color":"ANY","number":null},{"type":"NUMBER_CARD","color":"GREEN","number":3},{"type":"CHOOSE","color":"ANY","number":null}],"hands":[{"botId":1,"cards":[]},{"botId":2,"cards":[{"type":"NUMBER_CARD","color":"GREEN","number":6},{"type":"NUMBER_CARD","color":"ORANGE","number":8},{"type":"NUMBER_CARD","color":"GREEN","number":4},{"type":"NUMBER_CARD","color":"CYAN","number":1},{"type":"NUMBER_CARD","color":"PURPLE","number":8},{"type":"NUMBER_CARD","color":"CYAN","number":4},{"type":"NUMBER_CARD","color":"PURPLE","number":1},{"type":"NUMBER_CARD","color":"GREEN","number":0},{"type":"CHOOSE","color":"ANY","number":null},{"type":"NUMBER_CARD","color":"PURPLE","number":4},{"type":"CHOOSE","color":"ANY","number":null},{"type":"CHOOSE","color":"ANY","number":null},{"type":"NUMBER_CARD","color":"GREEN","number":8},{"type":"SKIP","color":"CYAN","number":null},{"type":"SKIP","color":"ANY","number":null},{"type":"NUMBER_CARD","color":"GREEN","number":1},{"type":"NUMBER_CARD","color":"ORANGE","number":3},{"type":"NUMBER_CARD","color":"ANY","number":2}]}],"actions":[],"logMessages":[{"type":"system","message":"Player 2 played Card(type=CHOOSE, color=ANY, number=null)"}]},{"topCard":{"type":"CHOOSE","color":"ANY","number":null},"drawPile":[{"type":"SWITCH","color":"CYAN","number":null},{"type":"NUMBER_CARD","color":"GREEN","number":1},{"type":"NUMBER_CARD","color":"CYAN","number":2},{"type":"CHOOSE_DRAW","color":"ANY","number":null},{"type":"NUMBER_CARD","color":"ORANGE","number":7},{"type":"NUMBER_CARD","color":"PURPLE","number":1},{"type":"NUMBER_CARD","color":"CYAN","number":7},{"type":"CHOOSE_DRAW","color":"ANY","number":null},{"type":"NUMBER_CARD","color":"GREEN","number":3},{"type":"CHOOSE","color":"ANY","number":null}],"hands":[{"botId":1,"cards":[]},{"botId":2,"cards":[{"type":"NUMBER_CARD","color":"GREEN","number":6},{"type":"NUMBER_CARD","color":"ORANGE","number":8},{"type":"NUMBER_CARD","color":"GREEN","number":4},{"type":"NUMBER_CARD","color":"CYAN","number":1},{"type":"NUMBER_CARD","color":"PURPLE","number":8},{"type":"NUMBER_CARD","color":"CYAN","number":4},{"type":"NUMBER_CARD","color":"PURPLE","number":1},{"type":"NUMBER_CARD","color":"GREEN","number":0},{"type":"CHOOSE","color":"ANY","number":null},{"type":"NUMBER_CARD","color":"PURPLE","number":4},{"type":"CHOOSE","color":"ANY","number":null},{"type":"CHOOSE","color":"ANY","number":null},{"type":"NUMBER_CARD","color":"GREEN","number":8},{"type":"SKIP","color":"CYAN","number":null},{"type":"SKIP","color":"ANY","number":null},{"type":"NUMBER_CARD","color":"GREEN","number":1},{"type":"NUMBER_CARD","color":"ORANGE","number":3},{"type":"NUMBER_CARD","color":"ANY","number":2}]}],"actions":[],"logMessages":[{"type":"system","message":"Player 1 played Card(type=NUMBER_CARD, color=ANY, number=6)"}]},{"topCard":{"type":"NUMBER_CARD","color":"ANY","number":6},"drawPile":[{"type":"SWITCH","color":"CYAN","number":null},{"type":"NUMBER_CARD","color":"GREEN","number":1},{"type":"NUMBER_CARD","color":"CYAN","number":2},{"type":"CHOOSE_DRAW","color":"ANY","number":null},{"type":"NUMBER_CARD","color":"ORANGE","number":7},{"type":"NUMBER_CARD","color":"PURPLE","number":1},{"type":"NUMBER_CARD","color":"CYAN","number":7},{"type":"CHOOSE_DRAW","color":"ANY","number":null},{"type":"NUMBER_CARD","color":"GREEN","number":3},{"type":"CHOOSE","color":"ANY","number":null}],"hands":[{"botId":1,"cards":[]},{"botId":2,"cards":[{"type":"NUMBER_CARD","color":"GREEN","number":6},{"type":"NUMBER_CARD","color":"ORANGE","number":8},{"type":"NUMBER_CARD","color":"GREEN","number":4},{"type":"NUMBER_CARD","color":"CYAN","number":1},{"type":"NUMBER_CARD","color":"PURPLE","number":8},{"type":"NUMBER_CARD","color":"CYAN","number":4},{"type":"NUMBER_CARD","color":"PURPLE","number":1},{"type":"NUMBER_CARD","color":"GREEN","number":0},{"type":"CHOOSE","color":"ANY","number":null},{"type":"NUMBER_CARD","color":"PURPLE","number":4},{"type":"CHOOSE","color":"ANY","number":null},{"type":"CHOOSE","color":"ANY","number":null},{"type":"NUMBER_CARD","color":"GREEN","number":8},{"type":"SKIP","color":"CYAN","number":null},{"type":"SKIP","color":"ANY","number":null},{"type":"NUMBER_CARD","color":"GREEN","number":1},{"type":"NUMBER_CARD","color":"ORANGE","number":3},{"type":"NUMBER_CARD","color":"ANY","number":2}]}],"actions":[],"logMessages":[{"type":"system","message":"Player 2 played Card(type=NUMBER_CARD, color=PURPLE, number=0)"}]},{"topCard":{"type":"NUMBER_CARD","color":"PURPLE","number":0},"drawPile":[{"type":"SWITCH","color":"CYAN","number":null},{"type":"NUMBER_CARD","color":"GREEN","number":1},{"type":"NUMBER_CARD","color":"CYAN","number":2},{"type":"CHOOSE_DRAW","color":"ANY","number":null},{"type":"NUMBER_CARD","color":"ORANGE","number":7},{"type":"NUMBER_CARD","color":"PURPLE","number":1},{"type":"NUMBER_CARD","color":"CYAN","number":7},{"type":"CHOOSE_DRAW","color":"ANY","number":null},{"type":"NUMBER_CARD","color":"GREEN","number":3},{"type":"CHOOSE","color":"ANY","number":null}],"hands":[{"botId":1,"cards":[]},{"botId":2,"cards":[{"type":"NUMBER_CARD","color":"GREEN","number":6},{"type":"NUMBER_CARD","color":"ORANGE","number":8},{"type":"NUMBER_CARD","color":"GREEN","number":4},{"type":"NUMBER_CARD","color":"CYAN","number":1},{"type":"NUMBER_CARD","color":"PURPLE","number":8},{"type":"NUMBER_CARD","color":"CYAN","number":4},{"type":"NUMBER_CARD","color":"PURPLE","number":1},{"type":"NUMBER_CARD","color":"GREEN","number":0},{"type":"CHOOSE","color":"ANY","number":null},{"type":"NUMBER_CARD","color":"PURPLE","number":4},{"type":"CHOOSE","color":"ANY","number":null},{"type":"CHOOSE","color":"ANY","number":null},{"type":"NUMBER_CARD","color":"GREEN","number":8},{"type":"SKIP","color":"CYAN","number":null},{"type":"SKIP","color":"ANY","number":null},{"type":"NUMBER_CARD","color":"GREEN","number":1},{"type":"NUMBER_CARD","color":"ORANGE","number":3},{"type":"NUMBER_CARD","color":"ANY","number":2}]}],"actions":[],"logMessages":[{"type":"system","message":"Player 1 played Card(type=CHOOSE, color=ANY, number=null)"}]},{"topCard":{"type":"CHOOSE","color":"ANY","number":null},"drawPile":[{"type":"SWITCH","color":"CYAN","number":null},{"type":"NUMBER_CARD","color":"GREEN","number":1},{"type":"NUMBER_CARD","color":"CYAN","number":2},{"type":"CHOOSE_DRAW","color":"ANY","number":null},{"type":"NUMBER_CARD","color":"ORANGE","number":7},{"type":"NUMBER_CARD","color":"PURPLE","number":1},{"type":"NUMBER_CARD","color":"CYAN","number":7},{"type":"CHOOSE_DRAW","color":"ANY","number":null},{"type":"NUMBER_CARD","color":"GREEN","number":3},{"type":"CHOOSE","color":"ANY","number":null}],"hands":[{"botId":1,"cards":[]},{"botId":2,"cards":[{"type":"NUMBER_CARD","color":"GREEN","number":6},{"type":"NUMBER_CARD","color":"ORANGE","number":8},{"type":"NUMBER_CARD","color":"GREEN","number":4},{"type":"NUMBER_CARD","color":"CYAN","number":1},{"type":"NUMBER_CARD","color":"PURPLE","number":8},{"type":"NUMBER_CARD","color":"CYAN","number":4},{"type":"NUMBER_CARD","color":"PURPLE","number":1},{"type":"NUMBER_CARD","color":"GREEN","number":0},{"type":"CHOOSE","color":"ANY","number":null},{"type":"NUMBER_CARD","color":"PURPLE","number":4},{"type":"CHOOSE","color":"ANY","number":null},{"type":"CHOOSE","color":"ANY","number":null},{"type":"NUMBER_CARD","color":"GREEN","number":8},{"type":"SKIP","color":"CYAN","number":null},{"type":"SKIP","color":"ANY","number":null},{"type":"NUMBER_CARD","color":"GREEN","number":1},{"type":"NUMBER_CARD","color":"ORANGE","number":3},{"type":"NUMBER_CARD","color":"ANY","number":2}]}],"actions":[],"logMessages":[{"type":"system","message":"Player 2 played Card(type=NUMBER_CARD, color=CYAN, number=1)"}]},{"topCard":{"type":"NUMBER_CARD","color":"CYAN","number":1},"drawPile":[{"type":"SWITCH","color":"CYAN","number":null},{"type":"NUMBER_CARD","color":"GREEN","number":1},{"type":"NUMBER_CARD","color":"CYAN","number":2},{"type":"CHOOSE_DRAW","color":"ANY","number":null},{"type":"NUMBER_CARD","color":"ORANGE","number":7},{"type":"NUMBER_CARD","color":"PURPLE","number":1},{"type":"NUMBER_CARD","color":"CYAN","number":7},{"type":"CHOOSE_DRAW","color":"ANY","number":null},{"type":"NUMBER_CARD","color":"GREEN","number":3},{"type":"CHOOSE","color":"ANY","number":null}],"hands":[{"botId":1,"cards":[]},{"botId":2,"cards":[{"type":"NUMBER_CARD","color":"GREEN","number":6},{"type":"NUMBER_CARD","color":"ORANGE","number":8},{"type":"NUMBER_CARD","color":"GREEN","number":4},{"type":"NUMBER_CARD","color":"CYAN","number":1},{"type":"NUMBER_CARD","color":"PURPLE","number":8},{"type":"NUMBER_CARD","color":"CYAN","number":4},{"type":"NUMBER_CARD","color":"PURPLE","number":1},{"type":"NUMBER_CARD","color":"GREEN","number":0},{"type":"CHOOSE","color":"ANY","number":null},{"type":"NUMBER_CARD","color":"PURPLE","number":4},{"type":"CHOOSE","color":"ANY","number":null},{"type":"CHOOSE","color":"ANY","number":null},{"type":"NUMBER_CARD","color":"GREEN","number":8},{"type":"SKIP","color":"CYAN","number":null},{"type":"SKIP","color":"ANY","number":null},{"type":"NUMBER_CARD","color":"GREEN","number":1},{"type":"NUMBER_CARD","color":"ORANGE","number":3},{"type":"NUMBER_CARD","color":"ANY","number":2}]}],"actions":[],"logMessages":[{"type":"system","message":"Player 1 played Card(type=NUMBER_CARD, color=CYAN, number=8)"}]},{"topCard":{"type":"NUMBER_CARD","color":"CYAN","number":8},"drawPile":[{"type":"SWITCH","color":"CYAN","number":null},{"type":"NUMBER_CARD","color":"GREEN","number":1},{"type":"NUMBER_CARD","color":"CYAN","number":2},{"type":"CHOOSE_DRAW","color":"ANY","number":null},{"type":"NUMBER_CARD","color":"ORANGE","number":7},{"type":"NUMBER_CARD","color":"PURPLE","number":1},{"type":"NUMBER_CARD","color":"CYAN","number":7},{"type":"CHOOSE_DRAW","color":"ANY","number":null},{"type":"NUMBER_CARD","color":"GREEN","number":3},{"type":"CHOOSE","color":"ANY","number":null}],"hands":[{"botId":1,"cards":[]},{"botId":2,"cards":[{"type":"NUMBER_CARD","color":"GREEN","number":6},{"type":"NUMBER_CARD","color":"ORANGE","number":8},{"type":"NUMBER_CARD","color":"GREEN","number":4},{"type":"NUMBER_CARD","color":"CYAN","number":1},{"type":"NUMBER_CARD","color":"PURPLE","number":8},{"type":"NUMBER_CARD","color":"CYAN","number":4},{"type":"NUMBER_CARD","color":"PURPLE","number":1},{"type":"NUMBER_CARD","color":"GREEN","number":0},{"type":"CHOOSE","color":"ANY","number":null},{"type":"NUMBER_CARD","color":"PURPLE","number":4},{"type":"CHOOSE","color":"ANY","number":null},{"type":"CHOOSE","color":"ANY","number":null},{"type":"NUMBER_CARD","color":"GREEN","number":8},{"type":"SKIP","color":"CYAN","number":null},{"type":"SKIP","color":"ANY","number":null},{"type":"NUMBER_CARD","color":"GREEN","number":1},{"type":"NUMBER_CARD","color":"ORANGE","number":3},{"type":"NUMBER_CARD","color":"ANY","number":2}]}],"actions":[],"logMessages":[{"type":"system","message":"Player 2 played Card(type=CHOOSE, color=ANY, number=null)"}]},{"topCard":{"type":"CHOOSE","color":"ANY","number":null},"drawPile":[{"type":"SWITCH","color":"CYAN","number":null},{"type":"NUMBER_CARD","color":"GREEN","number":1},{"type":"NUMBER_CARD","color":"CYAN","number":2},{"type":"CHOOSE_DRAW","color":"ANY","number":null},{"type":"NUMBER_CARD","color":"ORANGE","number":7},{"type":"NUMBER_CARD","color":"PURPLE","number":1},{"type":"NUMBER_CARD","color":"CYAN","number":7},{"type":"CHOOSE_DRAW","color":"ANY","number":null},{"type":"NUMBER_CARD","color":"GREEN","number":3},{"type":"CHOOSE","color":"ANY","number":null}],"hands":[{"botId":1,"cards":[]},{"botId":2,"cards":[{"type":"NUMBER_CARD","color":"GREEN","number":6},{"type":"NUMBER_CARD","color":"ORANGE","number":8},{"type":"NUMBER_CARD","color":"GREEN","number":4},{"type":"NUMBER_CARD","color":"CYAN","number":1},{"type":"NUMBER_CARD","color":"PURPLE","number":8},{"type":"NUMBER_CARD","color":"CYAN","number":4},{"type":"NUMBER_CARD","color":"PURPLE","number":1},{"type":"NUMBER_CARD","color":"GREEN","number":0},{"type":"CHOOSE","color":"ANY","number":null},{"type":"NUMBER_CARD","color":"PURPLE","number":4},{"type":"CHOOSE","color":"ANY","number":null},{"type":"CHOOSE","color":"ANY","number":null},{"type":"NUMBER_CARD","color":"GREEN","number":8},{"type":"SKIP","color":"CYAN","number":null},{"type":"SKIP","color":"ANY","number":null},{"type":"NUMBER_CARD","color":"GREEN","number":1},{"type":"NUMBER_CARD","color":"ORANGE","number":3},{"type":"NUMBER_CARD","color":"ANY","number":2}]}],"actions":[],"logMessages":[{"type":"system","message":"Player 1 played Card(type=NUMBER_CARD, color=ORANGE, number=4)"}]},{"topCard":{"type":"NUMBER_CARD","color":"ORANGE","number":4},"drawPile":[{"type":"SWITCH","color":"CYAN","number":null},{"type":"NUMBER_CARD","color":"GREEN","number":1},{"type":"NUMBER_CARD","color":"CYAN","number":2},{"type":"CHOOSE_DRAW","color":"ANY","number":null},{"type":"NUMBER_CARD","color":"ORANGE","number":7},{"type":"NUMBER_CARD","color":"PURPLE","number":1},{"type":"NUMBER_CARD","color":"CYAN","number":7},{"type":"CHOOSE_DRAW","color":"ANY","number":null},{"type":"NUMBER_CARD","color":"GREEN","number":3},{"type":"CHOOSE","color":"ANY","number":null}],"hands":[{"botId":1,"cards":[]},{"botId":2,"cards":[{"type":"NUMBER_CARD","color":"GREEN","number":6},{"type":"NUMBER_CARD","color":"ORANGE","number":8},{"type":"NUMBER_CARD","color":"GREEN","number":4},{"type":"NUMBER_CARD","color":"CYAN","number":1},{"type":"NUMBER_CARD","color":"PURPLE","number":8},{"type":"NUMBER_CARD","color":"CYAN","number":4},{"type":"NUMBER_CARD","color":"PURPLE","number":1},{"type":"NUMBER_CARD","color":"GREEN","number":0},{"type":"CHOOSE","color":"ANY","number":null},{"type":"NUMBER_CARD","color":"PURPLE","number":4},{"type":"CHOOSE","color":"ANY","number":null},{"type":"CHOOSE","color":"ANY","number":null},{"type":"NUMBER_CARD","color":"GREEN","number":8},{"type":"SKIP","color":"CYAN","number":null},{"type":"SKIP","color":"ANY","number":null},{"type":"NUMBER_CARD","color":"GREEN","number":1},{"type":"NUMBER_CARD","color":"ORANGE","number":3},{"type":"NUMBER_CARD","color":"ANY","number":2}]}],"actions":[],"logMessages":[{"type":"system","message":"Player 2 played Card(type=NUMBER_CARD, color=ORANGE, number=4)"}]},{"topCard":{"type":"NUMBER_CARD","color":"ORANGE","number":4},"drawPile":[{"type":"SWITCH","color":"CYAN","number":null},{"type":"NUMBER_CARD","color":"GREEN","number":1},{"type":"NUMBER_CARD","color":"CYAN","number":2},{"type":"CHOOSE_DRAW","color":"ANY","number":null},{"type":"NUMBER_CARD","color":"ORANGE","number":7},{"type":"NUMBER_CARD","color":"PURPLE","number":1},{"type":"NUMBER_CARD","color":"CYAN","number":7},{"type":"CHOOSE_DRAW","color":"ANY","number":null},{"type":"NUMBER_CARD","color":"GREEN","number":3},{"type":"CHOOSE","color":"ANY","number":null}],"hands":[{"botId":1,"cards":[]},{"botId":2,"cards":[{"type":"NUMBER_CARD","color":"GREEN","number":6},{"type":"NUMBER_CARD","color":"ORANGE","number":8},{"type":"NUMBER_CARD","color":"GREEN","number":4},{"type":"NUMBER_CARD","color":"CYAN","number":1},{"type":"NUMBER_CARD","color":"PURPLE","number":8},{"type":"NUMBER_CARD","color":"CYAN","number":4},{"type":"NUMBER_CARD","color":"PURPLE","number":1},{"type":"NUMBER_CARD","color":"GREEN","number":0},{"type":"CHOOSE","color":"ANY","number":null},{"type":"NUMBER_CARD","color":"PURPLE","number":4},{"type":"CHOOSE","color":"ANY","number":null},{"type":"CHOOSE","color":"ANY","number":null},{"type":"NUMBER_CARD","color":"GREEN","number":8},{"type":"SKIP","color":"CYAN","number":null},{"type":"SKIP","color":"ANY","number":null},{"type":"NUMBER_CARD","color":"GREEN","number":1},{"type":"NUMBER_CARD","color":"ORANGE","number":3},{"type":"NUMBER_CARD","color":"ANY","number":2}]}],"actions":[],"logMessages":[{"type":"system","message":"Player 1 played Card(type=NUMBER_CARD, color=ORANGE, number=2)"}]},{"topCard":{"type":"NUMBER_CARD","color":"ORANGE","number":2},"drawPile":[{"type":"SWITCH","color":"CYAN","number":null},{"type":"NUMBER_CARD","color":"GREEN","number":1},{"type":"NUMBER_CARD","color":"CYAN","number":2},{"type":"CHOOSE_DRAW","color":"ANY","number":null},{"type":"NUMBER_CARD","color":"ORANGE","number":7},{"type":"NUMBER_CARD","color":"PURPLE","number":1},{"type":"NUMBER_CARD","color":"CYAN","number":7},{"type":"CHOOSE_DRAW","color":"ANY","number":null},{"type":"NUMBER_CARD","color":"GREEN","number":3},{"type":"CHOOSE","color":"ANY","number":null}],"hands":[{"botId":1,"cards":[]},{"botId":2,"cards":[{"type":"NUMBER_CARD","color":"GREEN","number":6},{"type":"NUMBER_CARD","color":"ORANGE","number":8},{"type":"NUMBER_CARD","color":"GREEN","number":4},{"type":"NUMBER_CARD","color":"CYAN","number":1},{"type":"NUMBER_CARD","color":"PURPLE","number":8},{"type":"NUMBER_CARD","color":"CYAN","number":4},{"type":"NUMBER_CARD","color":"PURPLE","number":1},{"type":"NUMBER_CARD","color":"GREEN","number":0},{"type":"CHOOSE","color":"ANY","number":null},{"type":"NUMBER_CARD","color":"PURPLE","number":4},{"type":"CHOOSE","color":"ANY","number":null},{"type":"CHOOSE","color":"ANY","number":null},{"type":"NUMBER_CARD","color":"GREEN","number":8},{"type":"SKIP","color":"CYAN","number":null},{"type":"SKIP","color":"ANY","number":null},{"type":"NUMBER_CARD","color":"GREEN","number":1},{"type":"NUMBER_CARD","color":"ORANGE","number":3},{"type":"NUMBER_CARD","color":"ANY","number":2}]}],"actions":[{"botId":2,"type":"DRAW_CARD","card":{"type":"SWITCH","color":"CYAN","number":null}},{"botId":2,"type":"DRAW_CARD","card":{"type":"NUMBER_CARD","color":"GREEN","number":1}},{"botId":2,"type":"DRAW_CARD","card":{"type":"NUMBER_CARD","color":"CYAN","number":2}}],"logMessages":[{"type":"system","message":"Player 2 doesn''t have any matching cards."},{"type":"system","message":"Player 2 picked up Card(type=SWITCH, color=CYAN, number=null)."},{"type":"system","message":"Player 2 doesn''t have any matching cards."},{"type":"system","message":"Player 2 picked up Card(type=NUMBER_CARD, color=GREEN, number=1)."},{"type":"system","message":"Player 2 doesn''t have any matching cards."},{"type":"system","message":"Player 2 picked up Card(type=NUMBER_CARD, color=CYAN, number=2)."},{"type":"system","message":"Player 2 played Card(type=NUMBER_CARD, color=CYAN, number=2)"}]},{"topCard":{"type":"NUMBER_CARD","color":"CYAN","number":2},"drawPile":[{"type":"CHOOSE_DRAW","color":"ANY","number":null},{"type":"NUMBER_CARD","color":"ORANGE","number":7},{"type":"NUMBER_CARD","color":"PURPLE","number":1},{"type":"NUMBER_CARD","color":"CYAN","number":7},{"type":"CHOOSE_DRAW","color":"ANY","number":null},{"type":"NUMBER_CARD","color":"GREEN","number":3},{"type":"CHOOSE","color":"ANY","number":null},{"type":"NUMBER_CARD","color":"PURPLE","number":3},{"type":"NUMBER_CARD","color":"PURPLE","number":2},{"type":"NUMBER_CARD","color":"PURPLE","number":5}],"hands":[{"botId":1,"cards":[]},{"botId":2,"cards":[{"type":"NUMBER_CARD","color":"GREEN","number":6},{"type":"NUMBER_CARD","color":"ORANGE","number":8},{"type":"NUMBER_CARD","color":"GREEN","number":4},{"type":"NUMBER_CARD","color":"CYAN","number":1},{"type":"NUMBER_CARD","color":"PURPLE","number":8},{"type":"NUMBER_CARD","color":"CYAN","number":4},{"type":"NUMBER_CARD","color":"PURPLE","number":1},{"type":"NUMBER_CARD","color":"GREEN","number":0},{"type":"CHOOSE","color":"ANY","number":null},{"type":"NUMBER_CARD","color":"PURPLE","number":4},{"type":"CHOOSE","color":"ANY","number":null},{"type":"CHOOSE","color":"ANY","number":null},{"type":"NUMBER_CARD","color":"GREEN","number":8},{"type":"SKIP","color":"CYAN","number":null},{"type":"SKIP","color":"ANY","number":null},{"type":"NUMBER_CARD","color":"GREEN","number":1},{"type":"NUMBER_CARD","color":"ORANGE","number":3},{"type":"NUMBER_CARD","color":"ANY","number":2}]}],"actions":[],"logMessages":[{"type":"system","message":"Player 1 played Card(type=SKIP, color=CYAN, number=null)"}]},{"topCard":{"type":"SKIP","color":"CYAN","number":null},"drawPile":[{"type":"CHOOSE_DRAW","color":"ANY","number":null},{"type":"NUMBER_CARD","color":"ORANGE","number":7},{"type":"NUMBER_CARD","color":"PURPLE","number":1},{"type":"NUMBER_CARD","color":"CYAN","number":7},{"type":"CHOOSE_DRAW","color":"ANY","number":null},{"type":"NUMBER_CARD","color":"GREEN","number":3},{"type":"CHOOSE","color":"ANY","number":null},{"type":"NUMBER_CARD","color":"PURPLE","number":3},{"type":"NUMBER_CARD","color":"PURPLE","number":2},{"type":"NUMBER_CARD","color":"PURPLE","number":5}],"hands":[{"botId":1,"cards":[]},{"botId":2,"cards":[{"type":"NUMBER_CARD","color":"GREEN","number":6},{"type":"NUMBER_CARD","color":"ORANGE","number":8},{"type":"NUMBER_CARD","color":"GREEN","number":4},{"type":"NUMBER_CARD","color":"CYAN","number":1},{"type":"NUMBER_CARD","color":"PURPLE","number":8},{"type":"NUMBER_CARD","color":"CYAN","number":4},{"type":"NUMBER_CARD","color":"PURPLE","number":1},{"type":"NUMBER_CARD","color":"GREEN","number":0},{"type":"CHOOSE","color":"ANY","number":null},{"type":"NUMBER_CARD","color":"PURPLE","number":4},{"type":"CHOOSE","color":"ANY","number":null},{"type":"CHOOSE","color":"ANY","number":null},{"type":"NUMBER_CARD","color":"GREEN","number":8},{"type":"SKIP","color":"CYAN","number":null},{"type":"SKIP","color":"ANY","number":null},{"type":"NUMBER_CARD","color":"GREEN","number":1},{"type":"NUMBER_CARD","color":"ORANGE","number":3},{"type":"NUMBER_CARD","color":"ANY","number":2}]}],"actions":[{"botId":1,"type":"DRAW_CARD","card":{"type":"CHOOSE_DRAW","color":"ANY","number":null}}],"logMessages":[{"type":"system","message":"Player 1 doesn''t have any matching cards."},{"type":"system","message":"Player 1 picked up Card(type=CHOOSE_DRAW, color=ANY, number=null)."},{"type":"system","message":"Player 1 played Card(type=CHOOSE_DRAW, color=ANY, number=null)"}]},{"topCard":{"type":"CHOOSE_DRAW","color":"ANY","number":null},"drawPile":[{"type":"NUMBER_CARD","color":"ORANGE","number":7},{"type":"NUMBER_CARD","color":"PURPLE","number":1},{"type":"NUMBER_CARD","color":"CYAN","number":7},{"type":"CHOOSE_DRAW","color":"ANY","number":null},{"type":"NUMBER_CARD","color":"GREEN","number":3},{"type":"CHOOSE","color":"ANY","number":null},{"type":"NUMBER_CARD","color":"PURPLE","number":3},{"type":"NUMBER_CARD","color":"PURPLE","number":2},{"type":"NUMBER_CARD","color":"PURPLE","number":5},{"type":"NUMBER_CARD","color":"ORANGE","number":7}],"hands":[{"botId":1,"cards":[]},{"botId":2,"cards":[{"type":"NUMBER_CARD","color":"GREEN","number":6},{"type":"NUMBER_CARD","color":"ORANGE","number":8},{"type":"NUMBER_CARD","color":"GREEN","number":4},{"type":"NUMBER_CARD","color":"CYAN","number":1},{"type":"NUMBER_CARD","color":"PURPLE","number":8},{"type":"NUMBER_CARD","color":"CYAN","number":4},{"type":"NUMBER_CARD","color":"PURPLE","number":1},{"type":"NUMBER_CARD","color":"GREEN","number":0},{"type":"CHOOSE","color":"ANY","number":null},{"type":"NUMBER_CARD","color":"PURPLE","number":4},{"type":"CHOOSE","color":"ANY","number":null},{"type":"CHOOSE","color":"ANY","number":null},{"type":"NUMBER_CARD","color":"GREEN","number":8},{"type":"SKIP","color":"CYAN","number":null},{"type":"SKIP","color":"ANY","number":null},{"type":"NUMBER_CARD","color":"GREEN","number":1},{"type":"NUMBER_CARD","color":"ORANGE","number":3},{"type":"NUMBER_CARD","color":"ANY","number":2}]}],"actions":[{"botId":2,"type":"DRAW_CARD","card":{"type":"NUMBER_CARD","color":"ORANGE","number":7}},{"botId":2,"type":"DRAW_CARD","card":{"type":"NUMBER_CARD","color":"PURPLE","number":1}},{"botId":2,"type":"DRAW_CARD","card":{"type":"NUMBER_CARD","color":"CYAN","number":7}},{"botId":2,"type":"DRAW_CARD","card":{"type":"CHOOSE_DRAW","color":"ANY","number":null}}],"logMessages":[{"type":"system","message":"Player 2 picked up Card(type=NUMBER_CARD, color=ORANGE, number=7)."},{"type":"system","message":"Player 2 picked up Card(type=NUMBER_CARD, color=PURPLE, number=1)."},{"type":"system","message":"Player 2 picked up Card(type=NUMBER_CARD, color=CYAN, number=7)."},{"type":"system","message":"Player 2 picked up Card(type=CHOOSE_DRAW, color=ANY, number=null)."},{"type":"system","message":"Player 2 played Card(type=SWITCH, color=CYAN, number=null)"}]},{"topCard":{"type":"SWITCH","color":"CYAN","number":null},"drawPile":[{"type":"NUMBER_CARD","color":"GREEN","number":3},{"type":"CHOOSE","color":"ANY","number":null},{"type":"NUMBER_CARD","color":"PURPLE","number":3},{"type":"NUMBER_CARD","color":"PURPLE","number":2},{"type":"NUMBER_CARD","color":"PURPLE","number":5},{"type":"NUMBER_CARD","color":"ORANGE","number":7},{"type":"NUMBER_CARD","color":"GREEN","number":7},{"type":"NUMBER_CARD","color":"ANY","number":8},{"type":"CHOOSE_DRAW","color":"ANY","number":null},{"type":"CHOOSE","color":"ANY","number":null}],"hands":[{"botId":1,"cards":[]},{"botId":2,"cards":[{"type":"NUMBER_CARD","color":"GREEN","number":6},{"type":"NUMBER_CARD","color":"ORANGE","number":8},{"type":"NUMBER_CARD","color":"GREEN","number":4},{"type":"NUMBER_CARD","color":"CYAN","number":1},{"type":"NUMBER_CARD","color":"PURPLE","number":8},{"type":"NUMBER_CARD","color":"CYAN","number":4},{"type":"NUMBER_CARD","color":"PURPLE","number":1},{"type":"NUMBER_CARD","color":"GREEN","number":0},{"type":"CHOOSE","color":"ANY","number":null},{"type":"NUMBER_CARD","color":"PURPLE","number":4},{"type":"CHOOSE","color":"ANY","number":null},{"type":"CHOOSE","color":"ANY","number":null},{"type":"NUMBER_CARD","color":"GREEN","number":8},{"type":"SKIP","color":"CYAN","number":null},{"type":"SKIP","color":"ANY","number":null},{"type":"NUMBER_CARD","color":"GREEN","number":1},{"type":"NUMBER_CARD","color":"ORANGE","number":3},{"type":"NUMBER_CARD","color":"ANY","number":2}]}],"actions":[],"logMessages":[{"type":"system","message":"Player 2 played Card(type=CHOOSE_DRAW, color=ANY, number=null)"}]},{"topCard":{"type":"CHOOSE_DRAW","color":"ANY","number":null},"drawPile":[{"type":"NUMBER_CARD","color":"GREEN","number":3},{"type":"CHOOSE","color":"ANY","number":null},{"type":"NUMBER_CARD","color":"PURPLE","number":3},{"type":"NUMBER_CARD","color":"PURPLE","number":2},{"type":"NUMBER_CARD","color":"PURPLE","number":5},{"type":"NUMBER_CARD","color":"ORANGE","number":7},{"type":"NUMBER_CARD","color":"GREEN","number":7},{"type":"NUMBER_CARD","color":"ANY","number":8},{"type":"CHOOSE_DRAW","color":"ANY","number":null},{"type":"CHOOSE","color":"ANY","number":null}],"hands":[{"botId":1,"cards":[]},{"botId":2,"cards":[{"type":"NUMBER_CARD","color":"GREEN","number":6},{"type":"NUMBER_CARD","color":"ORANGE","number":8},{"type":"NUMBER_CARD","color":"GREEN","number":4},{"type":"NUMBER_CARD","color":"CYAN","number":1},{"type":"NUMBER_CARD","color":"PURPLE","number":8},{"type":"NUMBER_CARD","color":"CYAN","number":4},{"type":"NUMBER_CARD","color":"PURPLE","number":1},{"type":"NUMBER_CARD","color":"GREEN","number":0},{"type":"CHOOSE","color":"ANY","number":null},{"type":"NUMBER_CARD","color":"PURPLE","number":4},{"type":"CHOOSE","color":"ANY","number":null},{"type":"CHOOSE","color":"ANY","number":null},{"type":"NUMBER_CARD","color":"GREEN","number":8},{"type":"SKIP","color":"CYAN","number":null},{"type":"SKIP","color":"ANY","number":null},{"type":"NUMBER_CARD","color":"GREEN","number":1},{"type":"NUMBER_CARD","color":"ORANGE","number":3},{"type":"NUMBER_CARD","color":"ANY","number":2}]}],"actions":[{"botId":1,"type":"DRAW_CARD","card":{"type":"NUMBER_CARD","color":"GREEN","number":3}},{"botId":1,"type":"DRAW_CARD","card":{"type":"CHOOSE","color":"ANY","number":null}},{"botId":1,"type":"DRAW_CARD","card":{"type":"NUMBER_CARD","color":"PURPLE","number":3}},{"botId":1,"type":"DRAW_CARD","card":{"type":"NUMBER_CARD","color":"PURPLE","number":2}}],"logMessages":[{"type":"system","message":"Player 1 picked up Card(type=NUMBER_CARD, color=GREEN, number=3)."},{"type":"system","message":"Player 1 picked up Card(type=CHOOSE, color=ANY, number=null)."},{"type":"system","message":"Player 1 picked up Card(type=NUMBER_CARD, color=PURPLE, number=3)."},{"type":"system","message":"Player 1 picked up Card(type=NUMBER_CARD, color=PURPLE, number=2)."},{"type":"system","message":"Player 1 played Card(type=SWITCH, color=PURPLE, number=null)"}]},{"topCard":{"type":"SWITCH","color":"PURPLE","number":null},"drawPile":[{"type":"NUMBER_CARD","color":"PURPLE","number":5},{"type":"NUMBER_CARD","color":"ORANGE","number":7},{"type":"NUMBER_CARD","color":"GREEN","number":7},{"type":"NUMBER_CARD","color":"ANY","number":8},{"type":"CHOOSE_DRAW","color":"ANY","number":null},{"type":"CHOOSE","color":"ANY","number":null},{"type":"NUMBER_CARD","color":"ORANGE","number":6},{"type":"CHOOSE_DRAW","color":"ANY","number":null},{"type":"NUMBER_CARD","color":"CYAN","number":5},{"type":"NUMBER_CARD","color":"ANY","number":4}],"hands":[{"botId":1,"cards":[]},{"botId":2,"cards":[{"type":"NUMBER_CARD","color":"GREEN","number":6},{"type":"NUMBER_CARD","color":"ORANGE","number":8},{"type":"NUMBER_CARD","color":"GREEN","number":4},{"type":"NUMBER_CARD","color":"CYAN","number":1},{"type":"NUMBER_CARD","color":"PURPLE","number":8},{"type":"NUMBER_CARD","color":"CYAN","number":4},{"type":"NUMBER_CARD","color":"PURPLE","number":1},{"type":"NUMBER_CARD","color":"GREEN","number":0},{"type":"CHOOSE","color":"ANY","number":null},{"type":"NUMBER_CARD","color":"PURPLE","number":4},{"type":"CHOOSE","color":"ANY","number":null},{"type":"CHOOSE","color":"ANY","number":null},{"type":"NUMBER_CARD","color":"GREEN","number":8},{"type":"SKIP","color":"CYAN","number":null},{"type":"SKIP","color":"ANY","number":null},{"type":"NUMBER_CARD","color":"GREEN","number":1},{"type":"NUMBER_CARD","color":"ORANGE","number":3},{"type":"NUMBER_CARD","color":"ANY","number":2}]}],"actions":[],"logMessages":[{"type":"system","message":"Player 1 played Card(type=NUMBER_CARD, color=PURPLE, number=2)"}]},{"topCard":{"type":"NUMBER_CARD","color":"PURPLE","number":2},"drawPile":[{"type":"NUMBER_CARD","color":"PURPLE","number":5},{"type":"NUMBER_CARD","color":"ORANGE","number":7},{"type":"NUMBER_CARD","color":"GREEN","number":7},{"type":"NUMBER_CARD","color":"ANY","number":8},{"type":"CHOOSE_DRAW","color":"ANY","number":null},{"type":"CHOOSE","color":"ANY","number":null},{"type":"NUMBER_CARD","color":"ORANGE","number":6},{"type":"CHOOSE_DRAW","color":"ANY","number":null},{"type":"NUMBER_CARD","color":"CYAN","number":5},{"type":"NUMBER_CARD","color":"ANY","number":4}],"hands":[{"botId":1,"cards":[]},{"botId":2,"cards":[{"type":"NUMBER_CARD","color":"GREEN","number":6},{"type":"NUMBER_CARD","color":"ORANGE","number":8},{"type":"NUMBER_CARD","color":"GREEN","number":4},{"type":"NUMBER_CARD","color":"CYAN","number":1},{"type":"NUMBER_CARD","color":"PURPLE","number":8},{"type":"NUMBER_CARD","color":"CYAN","number":4},{"type":"NUMBER_CARD","color":"PURPLE","number":1},{"type":"NUMBER_CARD","color":"GREEN","number":0},{"type":"CHOOSE","color":"ANY","number":null},{"type":"NUMBER_CARD","color":"PURPLE","number":4},{"type":"CHOOSE","color":"ANY","number":null},{"type":"CHOOSE","color":"ANY","number":null},{"type":"NUMBER_CARD","color":"GREEN","number":8},{"type":"SKIP","color":"CYAN","number":null},{"type":"SKIP","color":"ANY","number":null},{"type":"NUMBER_CARD","color":"GREEN","number":1},{"type":"NUMBER_CARD","color":"ORANGE","number":3},{"type":"NUMBER_CARD","color":"ANY","number":2}]}],"actions":[],"logMessages":[{"type":"system","message":"Player 2 played Card(type=NUMBER_CARD, color=PURPLE, number=1)"}]},{"topCard":{"type":"NUMBER_CARD","color":"PURPLE","number":1},"drawPile":[{"type":"NUMBER_CARD","color":"PURPLE","number":5},{"type":"NUMBER_CARD","color":"ORANGE","number":7},{"type":"NUMBER_CARD","color":"GREEN","number":7},{"type":"NUMBER_CARD","color":"ANY","number":8},{"type":"CHOOSE_DRAW","color":"ANY","number":null},{"type":"CHOOSE","color":"ANY","number":null},{"type":"NUMBER_CARD","color":"ORANGE","number":6},{"type":"CHOOSE_DRAW","color":"ANY","number":null},{"type":"NUMBER_CARD","color":"CYAN","number":5},{"type":"NUMBER_CARD","color":"ANY","number":4}],"hands":[{"botId":1,"cards":[]},{"botId":2,"cards":[{"type":"NUMBER_CARD","color":"GREEN","number":6},{"type":"NUMBER_CARD","color":"ORANGE","number":8},{"type":"NUMBER_CARD","color":"GREEN","number":4},{"type":"NUMBER_CARD","color":"CYAN","number":1},{"type":"NUMBER_CARD","color":"PURPLE","number":8},{"type":"NUMBER_CARD","color":"CYAN","number":4},{"type":"NUMBER_CARD","color":"PURPLE","number":1},{"type":"NUMBER_CARD","color":"GREEN","number":0},{"type":"CHOOSE","color":"ANY","number":null},{"type":"NUMBER_CARD","color":"PURPLE","number":4},{"type":"CHOOSE","color":"ANY","number":null},{"type":"CHOOSE","color":"ANY","number":null},{"type":"NUMBER_CARD","color":"GREEN","number":8},{"type":"SKIP","color":"CYAN","number":null},{"type":"SKIP","color":"ANY","number":null},{"type":"NUMBER_CARD","color":"GREEN","number":1},{"type":"NUMBER_CARD","color":"ORANGE","number":3},{"type":"NUMBER_CARD","color":"ANY","number":2}]}],"actions":[],"logMessages":[{"type":"system","message":"Player 1 played Card(type=NUMBER_CARD, color=PURPLE, number=3)"}]},{"topCard":{"type":"NUMBER_CARD","color":"PURPLE","number":3},"drawPile":[{"type":"NUMBER_CARD","color":"PURPLE","number":5},{"type":"NUMBER_CARD","color":"ORANGE","number":7},{"type":"NUMBER_CARD","color":"GREEN","number":7},{"type":"NUMBER_CARD","color":"ANY","number":8},{"type":"CHOOSE_DRAW","color":"ANY","number":null},{"type":"CHOOSE","color":"ANY","number":null},{"type":"NUMBER_CARD","color":"ORANGE","number":6},{"type":"CHOOSE_DRAW","color":"ANY","number":null},{"type":"NUMBER_CARD","color":"CYAN","number":5},{"type":"NUMBER_CARD","color":"ANY","number":4}],"hands":[{"botId":1,"cards":[]},{"botId":2,"cards":[{"type":"NUMBER_CARD","color":"GREEN","number":6},{"type":"NUMBER_CARD","color":"ORANGE","number":8},{"type":"NUMBER_CARD","color":"GREEN","number":4},{"type":"NUMBER_CARD","color":"CYAN","number":1},{"type":"NUMBER_CARD","color":"PURPLE","number":8},{"type":"NUMBER_CARD","color":"CYAN","number":4},{"type":"NUMBER_CARD","color":"PURPLE","number":1},{"type":"NUMBER_CARD","color":"GREEN","number":0},{"type":"CHOOSE","color":"ANY","number":null},{"type":"NUMBER_CARD","color":"PURPLE","number":4},{"type":"CHOOSE","color":"ANY","number":null},{"type":"CHOOSE","color":"ANY","number":null},{"type":"NUMBER_CARD","color":"GREEN","number":8},{"type":"SKIP","color":"CYAN","number":null},{"type":"SKIP","color":"ANY","number":null},{"type":"NUMBER_CARD","color":"GREEN","number":1},{"type":"NUMBER_CARD","color":"ORANGE","number":3},{"type":"NUMBER_CARD","color":"ANY","number":2}]}],"actions":[{"botId":2,"type":"DRAW_CARD","card":{"type":"NUMBER_CARD","color":"PURPLE","number":5}}],"logMessages":[{"type":"system","message":"Player 2 doesn''t have any matching cards."},{"type":"system","message":"Player 2 picked up Card(type=NUMBER_CARD, color=PURPLE, number=5)."},{"type":"system","message":"Player 2 played Card(type=NUMBER_CARD, color=PURPLE, number=5)"}]},{"topCard":{"type":"NUMBER_CARD","color":"PURPLE","number":5},"drawPile":[{"type":"NUMBER_CARD","color":"ORANGE","number":7},{"type":"NUMBER_CARD","color":"GREEN","number":7},{"type":"NUMBER_CARD","color":"ANY","number":8},{"type":"CHOOSE_DRAW","color":"ANY","number":null},{"type":"CHOOSE","color":"ANY","number":null},{"type":"NUMBER_CARD","color":"ORANGE","number":6},{"type":"CHOOSE_DRAW","color":"ANY","number":null},{"type":"NUMBER_CARD","color":"CYAN","number":5},{"type":"NUMBER_CARD","color":"ANY","number":4},{"type":"CHOOSE_DRAW","color":"ANY","number":null}],"hands":[{"botId":1,"cards":[]},{"botId":2,"cards":[{"type":"NUMBER_CARD","color":"GREEN","number":6},{"type":"NUMBER_CARD","color":"ORANGE","number":8},{"type":"NUMBER_CARD","color":"GREEN","number":4},{"type":"NUMBER_CARD","color":"CYAN","number":1},{"type":"NUMBER_CARD","color":"PURPLE","number":8},{"type":"NUMBER_CARD","color":"CYAN","number":4},{"type":"NUMBER_CARD","color":"PURPLE","number":1},{"type":"NUMBER_CARD","color":"GREEN","number":0},{"type":"CHOOSE","color":"ANY","number":null},{"type":"NUMBER_CARD","color":"PURPLE","number":4},{"type":"CHOOSE","color":"ANY","number":null},{"type":"CHOOSE","color":"ANY","number":null},{"type":"NUMBER_CARD","color":"GREEN","number":8},{"type":"SKIP","color":"CYAN","number":null},{"type":"SKIP","color":"ANY","number":null},{"type":"NUMBER_CARD","color":"GREEN","number":1},{"type":"NUMBER_CARD","color":"ORANGE","number":3},{"type":"NUMBER_CARD","color":"ANY","number":2}]}],"actions":[],"logMessages":[{"type":"system","message":"Player 1 played Card(type=CHOOSE, color=ANY, number=null)"}]},{"topCard":{"type":"CHOOSE","color":"ANY","number":null},"drawPile":[{"type":"NUMBER_CARD","color":"ORANGE","number":7},{"type":"NUMBER_CARD","color":"GREEN","number":7},{"type":"NUMBER_CARD","color":"ANY","number":8},{"type":"CHOOSE_DRAW","color":"ANY","number":null},{"type":"CHOOSE","color":"ANY","number":null},{"type":"NUMBER_CARD","color":"ORANGE","number":6},{"type":"CHOOSE_DRAW","color":"ANY","number":null},{"type":"NUMBER_CARD","color":"CYAN","number":5},{"type":"NUMBER_CARD","color":"ANY","number":4},{"type":"CHOOSE_DRAW","color":"ANY","number":null}],"hands":[{"botId":1,"cards":[]},{"botId":2,"cards":[{"type":"NUMBER_CARD","color":"GREEN","number":6},{"type":"NUMBER_CARD","color":"ORANGE","number":8},{"type":"NUMBER_CARD","color":"GREEN","number":4},{"type":"NUMBER_CARD","color":"CYAN","number":1},{"type":"NUMBER_CARD","color":"PURPLE","number":8},{"type":"NUMBER_CARD","color":"CYAN","number":4},{"type":"NUMBER_CARD","color":"PURPLE","number":1},{"type":"NUMBER_CARD","color":"GREEN","number":0},{"type":"CHOOSE","color":"ANY","number":null},{"type":"NUMBER_CARD","color":"PURPLE","number":4},{"type":"CHOOSE","color":"ANY","number":null},{"type":"CHOOSE","color":"ANY","number":null},{"type":"NUMBER_CARD","color":"GREEN","number":8},{"type":"SKIP","color":"CYAN","number":null},{"type":"SKIP","color":"ANY","number":null},{"type":"NUMBER_CARD","color":"GREEN","number":1},{"type":"NUMBER_CARD","color":"ORANGE","number":3},{"type":"NUMBER_CARD","color":"ANY","number":2}]}],"actions":[],"logMessages":[{"type":"system","message":"Player 2 played Card(type=NUMBER_CARD, color=ORANGE, number=7)"}]},{"topCard":{"type":"NUMBER_CARD","color":"ORANGE","number":7},"drawPile":[{"type":"NUMBER_CARD","color":"ORANGE","number":7},{"type":"NUMBER_CARD","color":"GREEN","number":7},{"type":"NUMBER_CARD","color":"ANY","number":8},{"type":"CHOOSE_DRAW","color":"ANY","number":null},{"type":"CHOOSE","color":"ANY","number":null},{"type":"NUMBER_CARD","color":"ORANGE","number":6},{"type":"CHOOSE_DRAW","color":"ANY","number":null},{"type":"NUMBER_CARD","color":"CYAN","number":5},{"type":"NUMBER_CARD","color":"ANY","number":4},{"type":"CHOOSE_DRAW","color":"ANY","number":null}],"hands":[{"botId":1,"cards":[]},{"botId":2,"cards":[{"type":"NUMBER_CARD","color":"GREEN","number":6},{"type":"NUMBER_CARD","color":"ORANGE","number":8},{"type":"NUMBER_CARD","color":"GREEN","number":4},{"type":"NUMBER_CARD","color":"CYAN","number":1},{"type":"NUMBER_CARD","color":"PURPLE","number":8},{"type":"NUMBER_CARD","color":"CYAN","number":4},{"type":"NUMBER_CARD","color":"PURPLE","number":1},{"type":"NUMBER_CARD","color":"GREEN","number":0},{"type":"CHOOSE","color":"ANY","number":null},{"type":"NUMBER_CARD","color":"PURPLE","number":4},{"type":"CHOOSE","color":"ANY","number":null},{"type":"CHOOSE","color":"ANY","number":null},{"type":"NUMBER_CARD","color":"GREEN","number":8},{"type":"SKIP","color":"CYAN","number":null},{"type":"SKIP","color":"ANY","number":null},{"type":"NUMBER_CARD","color":"GREEN","number":1},{"type":"NUMBER_CARD","color":"ORANGE","number":3},{"type":"NUMBER_CARD","color":"ANY","number":2}]}],"actions":[],"logMessages":[{"type":"system","message":"Player 1 played Card(type=NUMBER_CARD, color=ANY, number=7)"}]},{"topCard":{"type":"NUMBER_CARD","color":"ANY","number":7},"drawPile":[{"type":"NUMBER_CARD","color":"ORANGE","number":7},{"type":"NUMBER_CARD","color":"GREEN","number":7},{"type":"NUMBER_CARD","color":"ANY","number":8},{"type":"CHOOSE_DRAW","color":"ANY","number":null},{"type":"CHOOSE","color":"ANY","number":null},{"type":"NUMBER_CARD","color":"ORANGE","number":6},{"type":"CHOOSE_DRAW","color":"ANY","number":null},{"type":"NUMBER_CARD","color":"CYAN","number":5},{"type":"NUMBER_CARD","color":"ANY","number":4},{"type":"CHOOSE_DRAW","color":"ANY","number":null}],"hands":[{"botId":1,"cards":[]},{"botId":2,"cards":[{"type":"NUMBER_CARD","color":"GREEN","number":6},{"type":"NUMBER_CARD","color":"ORANGE","number":8},{"type":"NUMBER_CARD","color":"GREEN","number":4},{"type":"NUMBER_CARD","color":"CYAN","number":1},{"type":"NUMBER_CARD","color":"PURPLE","number":8},{"type":"NUMBER_CARD","color":"CYAN","number":4},{"type":"NUMBER_CARD","color":"PURPLE","number":1},{"type":"NUMBER_CARD","color":"GREEN","number":0},{"type":"CHOOSE","color":"ANY","number":null},{"type":"NUMBER_CARD","color":"PURPLE","number":4},{"type":"CHOOSE","color":"ANY","number":null},{"type":"CHOOSE","color":"ANY","number":null},{"type":"NUMBER_CARD","color":"GREEN","number":8},{"type":"SKIP","color":"CYAN","number":null},{"type":"SKIP","color":"ANY","number":null},{"type":"NUMBER_CARD","color":"GREEN","number":1},{"type":"NUMBER_CARD","color":"ORANGE","number":3},{"type":"NUMBER_CARD","color":"ANY","number":2}]}],"actions":[],"logMessages":[{"type":"system","message":"Player 2 played Card(type=NUMBER_CARD, color=CYAN, number=7)"}]},{"topCard":{"type":"NUMBER_CARD","color":"CYAN","number":7},"drawPile":[{"type":"NUMBER_CARD","color":"ORANGE","number":7},{"type":"NUMBER_CARD","color":"GREEN","number":7},{"type":"NUMBER_CARD","color":"ANY","number":8},{"type":"CHOOSE_DRAW","color":"ANY","number":null},{"type":"CHOOSE","color":"ANY","number":null},{"type":"NUMBER_CARD","color":"ORANGE","number":6},{"type":"CHOOSE_DRAW","color":"ANY","number":null},{"type":"NUMBER_CARD","color":"CYAN","number":5},{"type":"NUMBER_CARD","color":"ANY","number":4},{"type":"CHOOSE_DRAW","color":"ANY","number":null}],"hands":[{"botId":1,"cards":[]},{"botId":2,"cards":[{"type":"NUMBER_CARD","color":"GREEN","number":6},{"type":"NUMBER_CARD","color":"ORANGE","number":8},{"type":"NUMBER_CARD","color":"GREEN","number":4},{"type":"NUMBER_CARD","color":"CYAN","number":1},{"type":"NUMBER_CARD","color":"PURPLE","number":8},{"type":"NUMBER_CARD","color":"CYAN","number":4},{"type":"NUMBER_CARD","color":"PURPLE","number":1},{"type":"NUMBER_CARD","color":"GREEN","number":0},{"type":"CHOOSE","color":"ANY","number":null},{"type":"NUMBER_CARD","color":"PURPLE","number":4},{"type":"CHOOSE","color":"ANY","number":null},{"type":"CHOOSE","color":"ANY","number":null},{"type":"NUMBER_CARD","color":"GREEN","number":8},{"type":"SKIP","color":"CYAN","number":null},{"type":"SKIP","color":"ANY","number":null},{"type":"NUMBER_CARD","color":"GREEN","number":1},{"type":"NUMBER_CARD","color":"ORANGE","number":3},{"type":"NUMBER_CARD","color":"ANY","number":2}]}],"actions":[{"botId":1,"type":"DRAW_CARD","card":{"type":"NUMBER_CARD","color":"ORANGE","number":7}}],"logMessages":[{"type":"system","message":"Player 1 doesn''t have any matching cards."},{"type":"system","message":"Player 1 picked up Card(type=NUMBER_CARD, color=ORANGE, number=7)."},{"type":"system","message":"Player 1 played Card(type=NUMBER_CARD, color=ORANGE, number=7)"}]},{"topCard":{"type":"NUMBER_CARD","color":"ORANGE","number":7},"drawPile":[{"type":"NUMBER_CARD","color":"GREEN","number":7},{"type":"NUMBER_CARD","color":"ANY","number":8},{"type":"CHOOSE_DRAW","color":"ANY","number":null},{"type":"CHOOSE","color":"ANY","number":null},{"type":"NUMBER_CARD","color":"ORANGE","number":6},{"type":"CHOOSE_DRAW","color":"ANY","number":null},{"type":"NUMBER_CARD","color":"CYAN","number":5},{"type":"NUMBER_CARD","color":"ANY","number":4},{"type":"CHOOSE_DRAW","color":"ANY","number":null},{"type":"NUMBER_CARD","color":"GREEN","number":4}],"hands":[{"botId":1,"cards":[]},{"botId":2,"cards":[{"type":"NUMBER_CARD","color":"GREEN","number":6},{"type":"NUMBER_CARD","color":"ORANGE","number":8},{"type":"NUMBER_CARD","color":"GREEN","number":4},{"type":"NUMBER_CARD","color":"CYAN","number":1},{"type":"NUMBER_CARD","color":"PURPLE","number":8},{"type":"NUMBER_CARD","color":"CYAN","number":4},{"type":"NUMBER_CARD","color":"PURPLE","number":1},{"type":"NUMBER_CARD","color":"GREEN","number":0},{"type":"CHOOSE","color":"ANY","number":null},{"type":"NUMBER_CARD","color":"PURPLE","number":4},{"type":"CHOOSE","color":"ANY","number":null},{"type":"CHOOSE","color":"ANY","number":null},{"type":"NUMBER_CARD","color":"GREEN","number":8},{"type":"SKIP","color":"CYAN","number":null},{"type":"SKIP","color":"ANY","number":null},{"type":"NUMBER_CARD","color":"GREEN","number":1},{"type":"NUMBER_CARD","color":"ORANGE","number":3},{"type":"NUMBER_CARD","color":"ANY","number":2}]}],"actions":[{"botId":2,"type":"DRAW_CARD","card":{"type":"NUMBER_CARD","color":"GREEN","number":7}}],"logMessages":[{"type":"system","message":"Player 2 doesn''t have any matching cards."},{"type":"system","message":"Player 2 picked up Card(type=NUMBER_CARD, color=GREEN, number=7)."},{"type":"system","message":"Player 2 played Card(type=NUMBER_CARD, color=GREEN, number=7)"}]},{"topCard":{"type":"NUMBER_CARD","color":"GREEN","number":7},"drawPile":[{"type":"NUMBER_CARD","color":"ANY","number":8},{"type":"CHOOSE_DRAW","color":"ANY","number":null},{"type":"CHOOSE","color":"ANY","number":null},{"type":"NUMBER_CARD","color":"ORANGE","number":6},{"type":"CHOOSE_DRAW","color":"ANY","number":null},{"type":"NUMBER_CARD","color":"CYAN","number":5},{"type":"NUMBER_CARD","color":"ANY","number":4},{"type":"CHOOSE_DRAW","color":"ANY","number":null},{"type":"NUMBER_CARD","color":"GREEN","number":4},{"type":"CHOOSE_DRAW","color":"ANY","number":null}],"hands":[{"botId":1,"cards":[]},{"botId":2,"cards":[{"type":"NUMBER_CARD","color":"GREEN","number":6},{"type":"NUMBER_CARD","color":"ORANGE","number":8},{"type":"NUMBER_CARD","color":"GREEN","number":4},{"type":"NUMBER_CARD","color":"CYAN","number":1},{"type":"NUMBER_CARD","color":"PURPLE","number":8},{"type":"NUMBER_CARD","color":"CYAN","number":4},{"type":"NUMBER_CARD","color":"PURPLE","number":1},{"type":"NUMBER_CARD","color":"GREEN","number":0},{"type":"CHOOSE","color":"ANY","number":null},{"type":"NUMBER_CARD","color":"PURPLE","number":4},{"type":"CHOOSE","color":"ANY","number":null},{"type":"CHOOSE","color":"ANY","number":null},{"type":"NUMBER_CARD","color":"GREEN","number":8},{"type":"SKIP","color":"CYAN","number":null},{"type":"SKIP","color":"ANY","number":null},{"type":"NUMBER_CARD","color":"GREEN","number":1},{"type":"NUMBER_CARD","color":"ORANGE","number":3},{"type":"NUMBER_CARD","color":"ANY","number":2}]}],"actions":[],"logMessages":[{"type":"system","message":"Player 1 played Card(type=NUMBER_CARD, color=GREEN, number=9)"}]},{"topCard":{"type":"NUMBER_CARD","color":"GREEN","number":9},"drawPile":[{"type":"NUMBER_CARD","color":"ANY","number":8},{"type":"CHOOSE_DRAW","color":"ANY","number":null},{"type":"CHOOSE","color":"ANY","number":null},{"type":"NUMBER_CARD","color":"ORANGE","number":6},{"type":"CHOOSE_DRAW","color":"ANY","number":null},{"type":"NUMBER_CARD","color":"CYAN","number":5},{"type":"NUMBER_CARD","color":"ANY","number":4},{"type":"CHOOSE_DRAW","color":"ANY","number":null},{"type":"NUMBER_CARD","color":"GREEN","number":4},{"type":"CHOOSE_DRAW","color":"ANY","number":null}],"hands":[{"botId":1,"cards":[]},{"botId":2,"cards":[{"type":"NUMBER_CARD","color":"GREEN","number":6},{"type":"NUMBER_CARD","color":"ORANGE","number":8},{"type":"NUMBER_CARD","color":"GREEN","number":4},{"type":"NUMBER_CARD","color":"CYAN","number":1},{"type":"NUMBER_CARD","color":"PURPLE","number":8},{"type":"NUMBER_CARD","color":"CYAN","number":4},{"type":"NUMBER_CARD","color":"PURPLE","number":1},{"type":"NUMBER_CARD","color":"GREEN","number":0},{"type":"CHOOSE","color":"ANY","number":null},{"type":"NUMBER_CARD","color":"PURPLE","number":4},{"type":"CHOOSE","color":"ANY","number":null},{"type":"CHOOSE","color":"ANY","number":null},{"type":"NUMBER_CARD","color":"GREEN","number":8},{"type":"SKIP","color":"CYAN","number":null},{"type":"SKIP","color":"ANY","number":null},{"type":"NUMBER_CARD","color":"GREEN","number":1},{"type":"NUMBER_CARD","color":"ORANGE","number":3},{"type":"NUMBER_CARD","color":"ANY","number":2}]}],"actions":[],"logMessages":[{"type":"system","message":"Player 2 played Card(type=SWITCH, color=GREEN, number=null)"}]},{"topCard":{"type":"SWITCH","color":"GREEN","number":null},"drawPile":[{"type":"NUMBER_CARD","color":"ANY","number":8},{"type":"CHOOSE_DRAW","color":"ANY","number":null},{"type":"CHOOSE","color":"ANY","number":null},{"type":"NUMBER_CARD","color":"ORANGE","number":6},{"type":"CHOOSE_DRAW","color":"ANY","number":null},{"type":"NUMBER_CARD","color":"CYAN","number":5},{"type":"NUMBER_CARD","color":"ANY","number":4},{"type":"CHOOSE_DRAW","color":"ANY","number":null},{"type":"NUMBER_CARD","color":"GREEN","number":4},{"type":"CHOOSE_DRAW","color":"ANY","number":null}],"hands":[{"botId":1,"cards":[]},{"botId":2,"cards":[{"type":"NUMBER_CARD","color":"GREEN","number":6},{"type":"NUMBER_CARD","color":"ORANGE","number":8},{"type":"NUMBER_CARD","color":"GREEN","number":4},{"type":"NUMBER_CARD","color":"CYAN","number":1},{"type":"NUMBER_CARD","color":"PURPLE","number":8},{"type":"NUMBER_CARD","color":"CYAN","number":4},{"type":"NUMBER_CARD","color":"PURPLE","number":1},{"type":"NUMBER_CARD","color":"GREEN","number":0},{"type":"CHOOSE","color":"ANY","number":null},{"type":"NUMBER_CARD","color":"PURPLE","number":4},{"type":"CHOOSE","color":"ANY","number":null},{"type":"CHOOSE","color":"ANY","number":null},{"type":"NUMBER_CARD","color":"GREEN","number":8},{"type":"SKIP","color":"CYAN","number":null},{"type":"SKIP","color":"ANY","number":null},{"type":"NUMBER_CARD","color":"GREEN","number":1},{"type":"NUMBER_CARD","color":"ORANGE","number":3},{"type":"NUMBER_CARD","color":"ANY","number":2}]}],"actions":[],"logMessages":[{"type":"system","message":"Player 2 played Card(type=NUMBER_CARD, color=GREEN, number=1)"}]},{"topCard":{"type":"NUMBER_CARD","color":"GREEN","number":1},"drawPile":[{"type":"NUMBER_CARD","color":"ANY","number":8},{"type":"CHOOSE_DRAW","color":"ANY","number":null},{"type":"CHOOSE","color":"ANY","number":null},{"type":"NUMBER_CARD","color":"ORANGE","number":6},{"type":"CHOOSE_DRAW","color":"ANY","number":null},{"type":"NUMBER_CARD","color":"CYAN","number":5},{"type":"NUMBER_CARD","color":"ANY","number":4},{"type":"CHOOSE_DRAW","color":"ANY","number":null},{"type":"NUMBER_CARD","color":"GREEN","number":4},{"type":"CHOOSE_DRAW","color":"ANY","number":null}],"hands":[{"botId":1,"cards":[]},{"botId":2,"cards":[{"type":"NUMBER_CARD","color":"GREEN","number":6},{"type":"NUMBER_CARD","color":"ORANGE","number":8},{"type":"NUMBER_CARD","color":"GREEN","number":4},{"type":"NUMBER_CARD","color":"CYAN","number":1},{"type":"NUMBER_CARD","color":"PURPLE","number":8},{"type":"NUMBER_CARD","color":"CYAN","number":4},{"type":"NUMBER_CARD","color":"PURPLE","number":1},{"type":"NUMBER_CARD","color":"GREEN","number":0},{"type":"CHOOSE","color":"ANY","number":null},{"type":"NUMBER_CARD","color":"PURPLE","number":4},{"type":"CHOOSE","color":"ANY","number":null},{"type":"CHOOSE","color":"ANY","number":null},{"type":"NUMBER_CARD","color":"GREEN","number":8},{"type":"SKIP","color":"CYAN","number":null},{"type":"SKIP","color":"ANY","number":null},{"type":"NUMBER_CARD","color":"GREEN","number":1},{"type":"NUMBER_CARD","color":"ORANGE","number":3},{"type":"NUMBER_CARD","color":"ANY","number":2}]}],"actions":[],"logMessages":[{"type":"system","message":"Player 1 played Card(type=NUMBER_CARD, color=GREEN, number=3)"}]},{"topCard":{"type":"NUMBER_CARD","color":"GREEN","number":3},"drawPile":[{"type":"NUMBER_CARD","color":"ANY","number":8},{"type":"CHOOSE_DRAW","color":"ANY","number":null},{"type":"CHOOSE","color":"ANY","number":null},{"type":"NUMBER_CARD","color":"ORANGE","number":6},{"type":"CHOOSE_DRAW","color":"ANY","number":null},{"type":"NUMBER_CARD","color":"CYAN","number":5},{"type":"NUMBER_CARD","color":"ANY","number":4},{"type":"CHOOSE_DRAW","color":"ANY","number":null},{"type":"NUMBER_CARD","color":"GREEN","number":4},{"type":"CHOOSE_DRAW","color":"ANY","number":null}],"hands":[{"botId":1,"cards":[]},{"botId":2,"cards":[{"type":"NUMBER_CARD","color":"GREEN","number":6},{"type":"NUMBER_CARD","color":"ORANGE","number":8},{"type":"NUMBER_CARD","color":"GREEN","number":4},{"type":"NUMBER_CARD","color":"CYAN","number":1},{"type":"NUMBER_CARD","color":"PURPLE","number":8},{"type":"NUMBER_CARD","color":"CYAN","number":4},{"type":"NUMBER_CARD","color":"PURPLE","number":1},{"type":"NUMBER_CARD","color":"GREEN","number":0},{"type":"CHOOSE","color":"ANY","number":null},{"type":"NUMBER_CARD","color":"PURPLE","number":4},{"type":"CHOOSE","color":"ANY","number":null},{"type":"CHOOSE","color":"ANY","number":null},{"type":"NUMBER_CARD","color":"GREEN","number":8},{"type":"SKIP","color":"CYAN","number":null},{"type":"SKIP","color":"ANY","number":null},{"type":"NUMBER_CARD","color":"GREEN","number":1},{"type":"NUMBER_CARD","color":"ORANGE","number":3},{"type":"NUMBER_CARD","color":"ANY","number":2}]}],"actions":[{"botId":2,"type":"DRAW_CARD","card":{"type":"NUMBER_CARD","color":"ANY","number":8}},{"botId":2,"type":"DRAW_CARD","card":{"type":"CHOOSE_DRAW","color":"ANY","number":null}}],"logMessages":[{"type":"system","message":"Player 2 doesn''t have any matching cards."},{"type":"system","message":"Player 2 picked up Card(type=NUMBER_CARD, color=ANY, number=8)."},{"type":"system","message":"Player 2 doesn''t have any matching cards."},{"type":"system","message":"Player 2 picked up Card(type=CHOOSE_DRAW, color=ANY, number=null)."},{"type":"system","message":"Player 2 played Card(type=CHOOSE_DRAW, color=ANY, number=null)"}]},{"topCard":{"type":"CHOOSE_DRAW","color":"ANY","number":null},"drawPile":[{"type":"CHOOSE","color":"ANY","number":null},{"type":"NUMBER_CARD","color":"ORANGE","number":6},{"type":"CHOOSE_DRAW","color":"ANY","number":null},{"type":"NUMBER_CARD","color":"CYAN","number":5},{"type":"NUMBER_CARD","color":"ANY","number":4},{"type":"CHOOSE_DRAW","color":"ANY","number":null},{"type":"NUMBER_CARD","color":"GREEN","number":4},{"type":"CHOOSE_DRAW","color":"ANY","number":null},{"type":"SWITCH","color":"ANY","number":null},{"type":"CHOOSE_DRAW","color":"ANY","number":null}],"hands":[{"botId":1,"cards":[]},{"botId":2,"cards":[{"type":"NUMBER_CARD","color":"GREEN","number":6},{"type":"NUMBER_CARD","color":"ORANGE","number":8},{"type":"NUMBER_CARD","color":"GREEN","number":4},{"type":"NUMBER_CARD","color":"CYAN","number":1},{"type":"NUMBER_CARD","color":"PURPLE","number":8},{"type":"NUMBER_CARD","color":"CYAN","number":4},{"type":"NUMBER_CARD","color":"PURPLE","number":1},{"type":"NUMBER_CARD","color":"GREEN","number":0},{"type":"CHOOSE","color":"ANY","number":null},{"type":"NUMBER_CARD","color":"PURPLE","number":4},{"type":"CHOOSE","color":"ANY","number":null},{"type":"CHOOSE","color":"ANY","number":null},{"type":"NUMBER_CARD","color":"GREEN","number":8},{"type":"SKIP","color":"CYAN","number":null},{"type":"SKIP","color":"ANY","number":null},{"type":"NUMBER_CARD","color":"GREEN","number":1},{"type":"NUMBER_CARD","color":"ORANGE","number":3},{"type":"NUMBER_CARD","color":"ANY","number":2}]}],"actions":[{"botId":1,"type":"DRAW_CARD","card":{"type":"CHOOSE","color":"ANY","number":null}},{"botId":1,"type":"DRAW_CARD","card":{"type":"NUMBER_CARD","color":"ORANGE","number":6}},{"botId":1,"type":"DRAW_CARD","card":{"type":"CHOOSE_DRAW","color":"ANY","number":null}},{"botId":1,"type":"DRAW_CARD","card":{"type":"NUMBER_CARD","color":"CYAN","number":5}}],"logMessages":[{"type":"system","message":"Player 1 picked up Card(type=CHOOSE, color=ANY, number=null)."},{"type":"system","message":"Player 1 picked up Card(type=NUMBER_CARD, color=ORANGE, number=6)."},{"type":"system","message":"Player 1 picked up Card(type=CHOOSE_DRAW, color=ANY, number=null)."},{"type":"system","message":"Player 1 picked up Card(type=NUMBER_CARD, color=CYAN, number=5)."},{"type":"system","message":"Player 1 played Card(type=NUMBER_CARD, color=ORANGE, number=6)"}]},{"topCard":{"type":"NUMBER_CARD","color":"ORANGE","number":6},"drawPile":[{"type":"NUMBER_CARD","color":"ANY","number":4},{"type":"CHOOSE_DRAW","color":"ANY","number":null},{"type":"NUMBER_CARD","color":"GREEN","number":4},{"type":"CHOOSE_DRAW","color":"ANY","number":null},{"type":"SWITCH","color":"ANY","number":null},{"type":"CHOOSE_DRAW","color":"ANY","number":null},{"type":"SKIP","color":"GREEN","number":null},{"type":"CHOOSE","color":"ANY","number":null},{"type":"NUMBER_CARD","color":"PURPLE","number":6},{"type":"NUMBER_CARD","color":"ANY","number":9}],"hands":[{"botId":1,"cards":[]},{"botId":2,"cards":[{"type":"NUMBER_CARD","color":"GREEN","number":6},{"type":"NUMBER_CARD","color":"ORANGE","number":8},{"type":"NUMBER_CARD","color":"GREEN","number":4},{"type":"NUMBER_CARD","color":"CYAN","number":1},{"type":"NUMBER_CARD","color":"PURPLE","number":8},{"type":"NUMBER_CARD","color":"CYAN","number":4},{"type":"NUMBER_CARD","color":"PURPLE","number":1},{"type":"NUMBER_CARD","color":"GREEN","number":0},{"type":"CHOOSE","color":"ANY","number":null},{"type":"NUMBER_CARD","color":"PURPLE","number":4},{"type":"CHOOSE","color":"ANY","number":null},{"type":"CHOOSE","color":"ANY","number":null},{"type":"NUMBER_CARD","color":"GREEN","number":8},{"type":"SKIP","color":"CYAN","number":null},{"type":"SKIP","color":"ANY","number":null},{"type":"NUMBER_CARD","color":"GREEN","number":1},{"type":"NUMBER_CARD","color":"ORANGE","number":3},{"type":"NUMBER_CARD","color":"ANY","number":2}]}],"actions":[{"botId":2,"type":"DRAW_CARD","card":{"type":"NUMBER_CARD","color":"ANY","number":4}},{"botId":2,"type":"DRAW_CARD","card":{"type":"CHOOSE_DRAW","color":"ANY","number":null}}],"logMessages":[{"type":"system","message":"Player 2 doesn''t have any matching cards."},{"type":"system","message":"Player 2 picked up Card(type=NUMBER_CARD, color=ANY, number=4)."},{"type":"system","message":"Player 2 doesn''t have any matching cards."},{"type":"system","message":"Player 2 picked up Card(type=CHOOSE_DRAW, color=ANY, number=null)."},{"type":"system","message":"Player 2 played Card(type=CHOOSE_DRAW, color=ANY, number=null)"}]},{"topCard":{"type":"CHOOSE_DRAW","color":"ANY","number":null},"drawPile":[{"type":"NUMBER_CARD","color":"GREEN","number":4},{"type":"CHOOSE_DRAW","color":"ANY","number":null},{"type":"SWITCH","color":"ANY","number":null},{"type":"CHOOSE_DRAW","color":"ANY","number":null},{"type":"SKIP","color":"GREEN","number":null},{"type":"CHOOSE","color":"ANY","number":null},{"type":"NUMBER_CARD","color":"PURPLE","number":6},{"type":"NUMBER_CARD","color":"ANY","number":9},{"type":"DRAW_TWO","color":"ANY","number":null},{"type":"SKIP","color":"ANY","number":null}],"hands":[{"botId":1,"cards":[]},{"botId":2,"cards":[{"type":"NUMBER_CARD","color":"GREEN","number":6},{"type":"NUMBER_CARD","color":"ORANGE","number":8},{"type":"NUMBER_CARD","color":"GREEN","number":4},{"type":"NUMBER_CARD","color":"CYAN","number":1},{"type":"NUMBER_CARD","color":"PURPLE","number":8},{"type":"NUMBER_CARD","color":"CYAN","number":4},{"type":"NUMBER_CARD","color":"PURPLE","number":1},{"type":"NUMBER_CARD","color":"GREEN","number":0},{"type":"CHOOSE","color":"ANY","number":null},{"type":"NUMBER_CARD","color":"PURPLE","number":4},{"type":"CHOOSE","color":"ANY","number":null},{"type":"CHOOSE","color":"ANY","number":null},{"type":"NUMBER_CARD","color":"GREEN","number":8},{"type":"SKIP","color":"CYAN","number":null},{"type":"SKIP","color":"ANY","number":null},{"type":"NUMBER_CARD","color":"GREEN","number":1},{"type":"NUMBER_CARD","color":"ORANGE","number":3},{"type":"NUMBER_CARD","color":"ANY","number":2}]}],"actions":[{"botId":1,"type":"DRAW_CARD","card":{"type":"NUMBER_CARD","color":"GREEN","number":4}},{"botId":1,"type":"DRAW_CARD","card":{"type":"CHOOSE_DRAW","color":"ANY","number":null}},{"botId":1,"type":"DRAW_CARD","card":{"type":"SWITCH","color":"ANY","number":null}},{"botId":1,"type":"DRAW_CARD","card":{"type":"CHOOSE_DRAW","color":"ANY","number":null}}],"logMessages":[{"type":"system","message":"Player 1 picked up Card(type=NUMBER_CARD, color=GREEN, number=4)."},{"type":"system","message":"Player 1 picked up Card(type=CHOOSE_DRAW, color=ANY, number=null)."},{"type":"system","message":"Player 1 picked up Card(type=SWITCH, color=ANY, number=null)."},{"type":"system","message":"Player 1 picked up Card(type=CHOOSE_DRAW, color=ANY, number=null)."},{"type":"system","message":"Player 1 played Card(type=CHOOSE_DRAW, color=ANY, number=null)"}]},{"topCard":{"type":"CHOOSE_DRAW","color":"ANY","number":null},"drawPile":[{"type":"SKIP","color":"GREEN","number":null},{"type":"CHOOSE","color":"ANY","number":null},{"type":"NUMBER_CARD","color":"PURPLE","number":6},{"type":"NUMBER_CARD","color":"ANY","number":9},{"type":"DRAW_TWO","color":"ANY","number":null},{"type":"SKIP","color":"ANY","number":null},{"type":"NUMBER_CARD","color":"GREEN","number":6},{"type":"CHOOSE_DRAW","color":"ANY","number":null},{"type":"DRAW_TWO","color":"ORANGE","number":null},{"type":"NUMBER_CARD","color":"ORANGE","number":2}],"hands":[{"botId":1,"cards":[]},{"botId":2,"cards":[{"type":"NUMBER_CARD","color":"GREEN","number":6},{"type":"NUMBER_CARD","color":"ORANGE","number":8},{"type":"NUMBER_CARD","color":"GREEN","number":4},{"type":"NUMBER_CARD","color":"CYAN","number":1},{"type":"NUMBER_CARD","color":"PURPLE","number":8},{"type":"NUMBER_CARD","color":"CYAN","number":4},{"type":"NUMBER_CARD","color":"PURPLE","number":1},{"type":"NUMBER_CARD","color":"GREEN","number":0},{"type":"CHOOSE","color":"ANY","number":null},{"type":"NUMBER_CARD","color":"PURPLE","number":4},{"type":"CHOOSE","color":"ANY","number":null},{"type":"CHOOSE","color":"ANY","number":null},{"type":"NUMBER_CARD","color":"GREEN","number":8},{"type":"SKIP","color":"CYAN","number":null},{"type":"SKIP","color":"ANY","number":null},{"type":"NUMBER_CARD","color":"GREEN","number":1},{"type":"NUMBER_CARD","color":"ORANGE","number":3},{"type":"NUMBER_CARD","color":"ANY","number":2}]}],"actions":[{"botId":2,"type":"DRAW_CARD","card":{"type":"SKIP","color":"GREEN","number":null}},{"botId":2,"type":"DRAW_CARD","card":{"type":"CHOOSE","color":"ANY","number":null}},{"botId":2,"type":"DRAW_CARD","card":{"type":"NUMBER_CARD","color":"PURPLE","number":6}},{"botId":2,"type":"DRAW_CARD","card":{"type":"NUMBER_CARD","color":"ANY","number":9}}],"logMessages":[{"type":"system","message":"Player 2 picked up Card(type=SKIP, color=GREEN, number=null)."},{"type":"system","message":"Player 2 picked up Card(type=CHOOSE, color=ANY, number=null)."},{"type":"system","message":"Player 2 picked up Card(type=NUMBER_CARD, color=PURPLE, number=6)."},{"type":"system","message":"Player 2 picked up Card(type=NUMBER_CARD, color=ANY, number=9)."},{"type":"system","message":"Player 2 played Card(type=NUMBER_CARD, color=ANY, number=4)"}]},{"topCard":{"type":"NUMBER_CARD","color":"ANY","number":4},"drawPile":[{"type":"DRAW_TWO","color":"ANY","number":null},{"type":"SKIP","color":"ANY","number":null},{"type":"NUMBER_CARD","color":"GREEN","number":6},{"type":"CHOOSE_DRAW","color":"ANY","number":null},{"type":"DRAW_TWO","color":"ORANGE","number":null},{"type":"NUMBER_CARD","color":"ORANGE","number":2},{"type":"NUMBER_CARD","color":"ANY","number":8},{"type":"NUMBER_CARD","color":"ORANGE","number":0},{"type":"NUMBER_CARD","color":"ANY","number":7},{"type":"DRAW_TWO","color":"CYAN","number":null}],"hands":[{"botId":1,"cards":[]},{"botId":2,"cards":[{"type":"NUMBER_CARD","color":"GREEN","number":6},{"type":"NUMBER_CARD","color":"ORANGE","number":8},{"type":"NUMBER_CARD","color":"GREEN","number":4},{"type":"NUMBER_CARD","color":"CYAN","number":1},{"type":"NUMBER_CARD","color":"PURPLE","number":8},{"type":"NUMBER_CARD","color":"CYAN","number":4},{"type":"NUMBER_CARD","color":"PURPLE","number":1},{"type":"NUMBER_CARD","color":"GREEN","number":0},{"type":"CHOOSE","color":"ANY","number":null},{"type":"NUMBER_CARD","color":"PURPLE","number":4},{"type":"CHOOSE","color":"ANY","number":null},{"type":"CHOOSE","color":"ANY","number":null},{"type":"NUMBER_CARD","color":"GREEN","number":8},{"type":"SKIP","color":"CYAN","number":null},{"type":"SKIP","color":"ANY","number":null},{"type":"NUMBER_CARD","color":"GREEN","number":1},{"type":"NUMBER_CARD","color":"ORANGE","number":3},{"type":"NUMBER_CARD","color":"ANY","number":2}]}],"actions":[],"logMessages":[{"type":"system","message":"Player 1 played Card(type=CHOOSE_DRAW, color=ANY, number=null)"}]},{"topCard":{"type":"CHOOSE_DRAW","color":"ANY","number":null},"drawPile":[{"type":"DRAW_TWO","color":"ANY","number":null},{"type":"SKIP","color":"ANY","number":null},{"type":"NUMBER_CARD","color":"GREEN","number":6},{"type":"CHOOSE_DRAW","color":"ANY","number":null},{"type":"DRAW_TWO","color":"ORANGE","number":null},{"type":"NUMBER_CARD","color":"ORANGE","number":2},{"type":"NUMBER_CARD","color":"ANY","number":8},{"type":"NUMBER_CARD","color":"ORANGE","number":0},{"type":"NUMBER_CARD","color":"ANY","number":7},{"type":"DRAW_TWO","color":"CYAN","number":null}],"hands":[{"botId":1,"cards":[]},{"botId":2,"cards":[{"type":"NUMBER_CARD","color":"GREEN","number":6},{"type":"NUMBER_CARD","color":"ORANGE","number":8},{"type":"NUMBER_CARD","color":"GREEN","number":4},{"type":"NUMBER_CARD","color":"CYAN","number":1},{"type":"NUMBER_CARD","color":"PURPLE","number":8},{"type":"NUMBER_CARD","color":"CYAN","number":4},{"type":"NUMBER_CARD","color":"PURPLE","number":1},{"type":"NUMBER_CARD","color":"GREEN","number":0},{"type":"CHOOSE","color":"ANY","number":null},{"type":"NUMBER_CARD","color":"PURPLE","number":4},{"type":"CHOOSE","color":"ANY","number":null},{"type":"CHOOSE","color":"ANY","number":null},{"type":"NUMBER_CARD","color":"GREEN","number":8},{"type":"SKIP","color":"CYAN","number":null},{"type":"SKIP","color":"ANY","number":null},{"type":"NUMBER_CARD","color":"GREEN","number":1},{"type":"NUMBER_CARD","color":"ORANGE","number":3},{"type":"NUMBER_CARD","color":"ANY","number":2}]}],"actions":[{"botId":2,"type":"DRAW_CARD","card":{"type":"DRAW_TWO","color":"ANY","number":null}},{"botId":2,"type":"DRAW_CARD","card":{"type":"SKIP","color":"ANY","number":null}},{"botId":2,"type":"DRAW_CARD","card":{"type":"NUMBER_CARD","color":"GREEN","number":6}},{"botId":2,"type":"DRAW_CARD","card":{"type":"CHOOSE_DRAW","color":"ANY","number":null}}],"logMessages":[{"type":"system","message":"Player 2 picked up Card(type=DRAW_TWO, color=ANY, number=null)."},{"type":"system","message":"Player 2 picked up Card(type=SKIP, color=ANY, number=null)."},{"type":"system","message":"Player 2 picked up Card(type=NUMBER_CARD, color=GREEN, number=6)."},{"type":"system","message":"Player 2 picked up Card(type=CHOOSE_DRAW, color=ANY, number=null)."},{"type":"system","message":"Player 2 played Card(type=NUMBER_CARD, color=PURPLE, number=6)"}]},{"topCard":{"type":"NUMBER_CARD","color":"PURPLE","number":6},"drawPile":[{"type":"DRAW_TWO","color":"ORANGE","number":null},{"type":"NUMBER_CARD","color":"ORANGE","number":2},{"type":"NUMBER_CARD","color":"ANY","number":8},{"type":"NUMBER_CARD","color":"ORANGE","number":0},{"type":"NUMBER_CARD","color":"ANY","number":7},{"type":"DRAW_TWO","color":"CYAN","number":null},{"type":"CHOOSE_DRAW","color":"ANY","number":null},{"type":"NUMBER_CARD","color":"ANY","number":2},{"type":"NUMBER_CARD","color":"ORANGE","number":8},{"type":"NUMBER_CARD","color":"CYAN","number":3}],"hands":[{"botId":1,"cards":[]},{"botId":2,"cards":[{"type":"NUMBER_CARD","color":"GREEN","number":6},{"type":"NUMBER_CARD","color":"ORANGE","number":8},{"type":"NUMBER_CARD","color":"GREEN","number":4},{"type":"NUMBER_CARD","color":"CYAN","number":1},{"type":"NUMBER_CARD","color":"PURPLE","number":8},{"type":"NUMBER_CARD","color":"CYAN","number":4},{"type":"NUMBER_CARD","color":"PURPLE","number":1},{"type":"NUMBER_CARD","color":"GREEN","number":0},{"type":"CHOOSE","color":"ANY","number":null},{"type":"NUMBER_CARD","color":"PURPLE","number":4},{"type":"CHOOSE","color":"ANY","number":null},{"type":"CHOOSE","color":"ANY","number":null},{"type":"NUMBER_CARD","color":"GREEN","number":8},{"type":"SKIP","color":"CYAN","number":null},{"type":"SKIP","color":"ANY","number":null},{"type":"NUMBER_CARD","color":"GREEN","number":1},{"type":"NUMBER_CARD","color":"ORANGE","number":3},{"type":"NUMBER_CARD","color":"ANY","number":2}]}],"actions":[],"logMessages":[{"type":"system","message":"Player 1 played Card(type=CHOOSE_DRAW, color=ANY, number=null)"}]},{"topCard":{"type":"CHOOSE_DRAW","color":"ANY","number":null},"drawPile":[{"type":"DRAW_TWO","color":"ORANGE","number":null},{"type":"NUMBER_CARD","color":"ORANGE","number":2},{"type":"NUMBER_CARD","color":"ANY","number":8},{"type":"NUMBER_CARD","color":"ORANGE","number":0},{"type":"NUMBER_CARD","color":"ANY","number":7},{"type":"DRAW_TWO","color":"CYAN","number":null},{"type":"CHOOSE_DRAW","color":"ANY","number":null},{"type":"NUMBER_CARD","color":"ANY","number":2},{"type":"NUMBER_CARD","color":"ORANGE","number":8},{"type":"NUMBER_CARD","color":"CYAN","number":3}],"hands":[{"botId":1,"cards":[]},{"botId":2,"cards":[{"type":"NUMBER_CARD","color":"GREEN","number":6},{"type":"NUMBER_CARD","color":"ORANGE","number":8},{"type":"NUMBER_CARD","color":"GREEN","number":4},{"type":"NUMBER_CARD","color":"CYAN","number":1},{"type":"NUMBER_CARD","color":"PURPLE","number":8},{"type":"NUMBER_CARD","color":"CYAN","number":4},{"type":"NUMBER_CARD","color":"PURPLE","number":1},{"type":"NUMBER_CARD","color":"GREEN","number":0},{"type":"CHOOSE","color":"ANY","number":null},{"type":"NUMBER_CARD","color":"PURPLE","number":4},{"type":"CHOOSE","color":"ANY","number":null},{"type":"CHOOSE","color":"ANY","number":null},{"type":"NUMBER_CARD","color":"GREEN","number":8},{"type":"SKIP","color":"CYAN","number":null},{"type":"SKIP","color":"ANY","number":null},{"type":"NUMBER_CARD","color":"GREEN","number":1},{"type":"NUMBER_CARD","color":"ORANGE","number":3},{"type":"NUMBER_CARD","color":"ANY","number":2}]}],"actions":[{"botId":2,"type":"DRAW_CARD","card":{"type":"DRAW_TWO","color":"ORANGE","number":null}},{"botId":2,"type":"DRAW_CARD","card":{"type":"NUMBER_CARD","color":"ORANGE","number":2}},{"botId":2,"type":"DRAW_CARD","card":{"type":"NUMBER_CARD","color":"ANY","number":8}},{"botId":2,"type":"DRAW_CARD","card":{"type":"NUMBER_CARD","color":"ORANGE","number":0}}],"logMessages":[{"type":"system","message":"Player 2 picked up Card(type=DRAW_TWO, color=ORANGE, number=null)."},{"type":"system","message":"Player 2 picked up Card(type=NUMBER_CARD, color=ORANGE, number=2)."},{"type":"system","message":"Player 2 picked up Card(type=NUMBER_CARD, color=ANY, number=8)."},{"type":"system","message":"Player 2 picked up Card(type=NUMBER_CARD, color=ORANGE, number=0)."},{"type":"system","message":"Player 2 played Card(type=SKIP, color=GREEN, number=null)"}]},{"topCard":{"type":"SKIP","color":"GREEN","number":null},"drawPile":[{"type":"NUMBER_CARD","color":"ANY","number":7},{"type":"DRAW_TWO","color":"CYAN","number":null},{"type":"CHOOSE_DRAW","color":"ANY","number":null},{"type":"NUMBER_CARD","color":"ANY","number":2},{"type":"NUMBER_CARD","color":"ORANGE","number":8},{"type":"NUMBER_CARD","color":"CYAN","number":3},{"type":"SKIP","color":"GREEN","number":null},{"type":"NUMBER_CARD","color":"GREEN","number":4},{"type":"NUMBER_CARD","color":"CYAN","number":1},{"type":"CHOOSE_DRAW","color":"ANY","number":null}],"hands":[{"botId":1,"cards":[]},{"botId":2,"cards":[{"type":"NUMBER_CARD","color":"GREEN","number":6},{"type":"NUMBER_CARD","color":"ORANGE","number":8},{"type":"NUMBER_CARD","color":"GREEN","number":4},{"type":"NUMBER_CARD","color":"CYAN","number":1},{"type":"NUMBER_CARD","color":"PURPLE","number":8},{"type":"NUMBER_CARD","color":"CYAN","number":4},{"type":"NUMBER_CARD","color":"PURPLE","number":1},{"type":"NUMBER_CARD","color":"GREEN","number":0},{"type":"CHOOSE","color":"ANY","number":null},{"type":"NUMBER_CARD","color":"PURPLE","number":4},{"type":"CHOOSE","color":"ANY","number":null},{"type":"CHOOSE","color":"ANY","number":null},{"type":"NUMBER_CARD","color":"GREEN","number":8},{"type":"SKIP","color":"CYAN","number":null},{"type":"SKIP","color":"ANY","number":null},{"type":"NUMBER_CARD","color":"GREEN","number":1},{"type":"NUMBER_CARD","color":"ORANGE","number":3},{"type":"NUMBER_CARD","color":"ANY","number":2}]}],"actions":[],"logMessages":[{"type":"system","message":"Player 2 played Card(type=CHOOSE, color=ANY, number=null)"}]},{"topCard":{"type":"CHOOSE","color":"ANY","number":null},"drawPile":[{"type":"NUMBER_CARD","color":"ANY","number":7},{"type":"DRAW_TWO","color":"CYAN","number":null},{"type":"CHOOSE_DRAW","color":"ANY","number":null},{"type":"NUMBER_CARD","color":"ANY","number":2},{"type":"NUMBER_CARD","color":"ORANGE","number":8},{"type":"NUMBER_CARD","color":"CYAN","number":3},{"type":"SKIP","color":"GREEN","number":null},{"type":"NUMBER_CARD","color":"GREEN","number":4},{"type":"NUMBER_CARD","color":"CYAN","number":1},{"type":"CHOOSE_DRAW","color":"ANY","number":null}],"hands":[{"botId":1,"cards":[]},{"botId":2,"cards":[{"type":"NUMBER_CARD","color":"GREEN","number":6},{"type":"NUMBER_CARD","color":"ORANGE","number":8},{"type":"NUMBER_CARD","color":"GREEN","number":4},{"type":"NUMBER_CARD","color":"CYAN","number":1},{"type":"NUMBER_CARD","color":"PURPLE","number":8},{"type":"NUMBER_CARD","color":"CYAN","number":4},{"type":"NUMBER_CARD","color":"PURPLE","number":1},{"type":"NUMBER_CARD","color":"GREEN","number":0},{"type":"CHOOSE","color":"ANY","number":null},{"type":"NUMBER_CARD","color":"PURPLE","number":4},{"type":"CHOOSE","color":"ANY","number":null},{"type":"CHOOSE","color":"ANY","number":null},{"type":"NUMBER_CARD","color":"GREEN","number":8},{"type":"SKIP","color":"CYAN","number":null},{"type":"SKIP","color":"ANY","number":null},{"type":"NUMBER_CARD","color":"GREEN","number":1},{"type":"NUMBER_CARD","color":"ORANGE","number":3},{"type":"NUMBER_CARD","color":"ANY","number":2}]}],"actions":[],"logMessages":[{"type":"system","message":"Player 1 played Card(type=NUMBER_CARD, color=ORANGE, number=6)"}]},{"topCard":{"type":"NUMBER_CARD","color":"ORANGE","number":6},"drawPile":[{"type":"NUMBER_CARD","color":"ANY","number":7},{"type":"DRAW_TWO","color":"CYAN","number":null},{"type":"CHOOSE_DRAW","color":"ANY","number":null},{"type":"NUMBER_CARD","color":"ANY","number":2},{"type":"NUMBER_CARD","color":"ORANGE","number":8},{"type":"NUMBER_CARD","color":"CYAN","number":3},{"type":"SKIP","color":"GREEN","number":null},{"type":"NUMBER_CARD","color":"GREEN","number":4},{"type":"NUMBER_CARD","color":"CYAN","number":1},{"type":"CHOOSE_DRAW","color":"ANY","number":null}],"hands":[{"botId":1,"cards":[]},{"botId":2,"cards":[{"type":"NUMBER_CARD","color":"GREEN","number":6},{"type":"NUMBER_CARD","color":"ORANGE","number":8},{"type":"NUMBER_CARD","color":"GREEN","number":4},{"type":"NUMBER_CARD","color":"CYAN","number":1},{"type":"NUMBER_CARD","color":"PURPLE","number":8},{"type":"NUMBER_CARD","color":"CYAN","number":4},{"type":"NUMBER_CARD","color":"PURPLE","number":1},{"type":"NUMBER_CARD","color":"GREEN","number":0},{"type":"CHOOSE","color":"ANY","number":null},{"type":"NUMBER_CARD","color":"PURPLE","number":4},{"type":"CHOOSE","color":"ANY","number":null},{"type":"CHOOSE","color":"ANY","number":null},{"type":"NUMBER_CARD","color":"GREEN","number":8},{"type":"SKIP","color":"CYAN","number":null},{"type":"SKIP","color":"ANY","number":null},{"type":"NUMBER_CARD","color":"GREEN","number":1},{"type":"NUMBER_CARD","color":"ORANGE","number":3},{"type":"NUMBER_CARD","color":"ANY","number":2}]}],"actions":[],"logMessages":[{"type":"system","message":"Player 2 played Card(type=NUMBER_CARD, color=ORANGE, number=0)"}]},{"topCard":{"type":"NUMBER_CARD","color":"ORANGE","number":0},"drawPile":[{"type":"NUMBER_CARD","color":"ANY","number":7},{"type":"DRAW_TWO","color":"CYAN","number":null},{"type":"CHOOSE_DRAW","color":"ANY","number":null},{"type":"NUMBER_CARD","color":"ANY","number":2},{"type":"NUMBER_CARD","color":"ORANGE","number":8},{"type":"NUMBER_CARD","color":"CYAN","number":3},{"type":"SKIP","color":"GREEN","number":null},{"type":"NUMBER_CARD","color":"GREEN","number":4},{"type":"NUMBER_CARD","color":"CYAN","number":1},{"type":"CHOOSE_DRAW","color":"ANY","number":null}],"hands":[{"botId":1,"cards":[]},{"botId":2,"cards":[{"type":"NUMBER_CARD","color":"GREEN","number":6},{"type":"NUMBER_CARD","color":"ORANGE","number":8},{"type":"NUMBER_CARD","color":"GREEN","number":4},{"type":"NUMBER_CARD","color":"CYAN","number":1},{"type":"NUMBER_CARD","color":"PURPLE","number":8},{"type":"NUMBER_CARD","color":"CYAN","number":4},{"type":"NUMBER_CARD","color":"PURPLE","number":1},{"type":"NUMBER_CARD","color":"GREEN","number":0},{"type":"CHOOSE","color":"ANY","number":null},{"type":"NUMBER_CARD","color":"PURPLE","number":4},{"type":"CHOOSE","color":"ANY","number":null},{"type":"CHOOSE","color":"ANY","number":null},{"type":"NUMBER_CARD","color":"GREEN","number":8},{"type":"SKIP","color":"CYAN","number":null},{"type":"SKIP","color":"ANY","number":null},{"type":"NUMBER_CARD","color":"GREEN","number":1},{"type":"NUMBER_CARD","color":"ORANGE","number":3},{"type":"NUMBER_CARD","color":"ANY","number":2}]}],"actions":[],"logMessages":[{"type":"system","message":"Player 1 played Card(type=CHOOSE, color=ANY, number=null)"}]},{"topCard":{"type":"CHOOSE","color":"ANY","number":null},"drawPile":[{"type":"NUMBER_CARD","color":"ANY","number":7},{"type":"DRAW_TWO","color":"CYAN","number":null},{"type":"CHOOSE_DRAW","color":"ANY","number":null},{"type":"NUMBER_CARD","color":"ANY","number":2},{"type":"NUMBER_CARD","color":"ORANGE","number":8},{"type":"NUMBER_CARD","color":"CYAN","number":3},{"type":"SKIP","color":"GREEN","number":null},{"type":"NUMBER_CARD","color":"GREEN","number":4},{"type":"NUMBER_CARD","color":"CYAN","number":1},{"type":"CHOOSE_DRAW","color":"ANY","number":null}],"hands":[{"botId":1,"cards":[]},{"botId":2,"cards":[{"type":"NUMBER_CARD","color":"GREEN","number":6},{"type":"NUMBER_CARD","color":"ORANGE","number":8},{"type":"NUMBER_CARD","color":"GREEN","number":4},{"type":"NUMBER_CARD","color":"CYAN","number":1},{"type":"NUMBER_CARD","color":"PURPLE","number":8},{"type":"NUMBER_CARD","color":"CYAN","number":4},{"type":"NUMBER_CARD","color":"PURPLE","number":1},{"type":"NUMBER_CARD","color":"GREEN","number":0},{"type":"CHOOSE","color":"ANY","number":null},{"type":"NUMBER_CARD","color":"PURPLE","number":4},{"type":"CHOOSE","color":"ANY","number":null},{"type":"CHOOSE","color":"ANY","number":null},{"type":"NUMBER_CARD","color":"GREEN","number":8},{"type":"SKIP","color":"CYAN","number":null},{"type":"SKIP","color":"ANY","number":null},{"type":"NUMBER_CARD","color":"GREEN","number":1},{"type":"NUMBER_CARD","color":"ORANGE","number":3},{"type":"NUMBER_CARD","color":"ANY","number":2}]}],"actions":[],"logMessages":[{"type":"system","message":"Player 2 played Card(type=NUMBER_CARD, color=ANY, number=1)"}]},{"topCard":{"type":"NUMBER_CARD","color":"ANY","number":1},"drawPile":[{"type":"NUMBER_CARD","color":"ANY","number":7},{"type":"DRAW_TWO","color":"CYAN","number":null},{"type":"CHOOSE_DRAW","color":"ANY","number":null},{"type":"NUMBER_CARD","color":"ANY","number":2},{"type":"NUMBER_CARD","color":"ORANGE","number":8},{"type":"NUMBER_CARD","color":"CYAN","number":3},{"type":"SKIP","color":"GREEN","number":null},{"type":"NUMBER_CARD","color":"GREEN","number":4},{"type":"NUMBER_CARD","color":"CYAN","number":1},{"type":"CHOOSE_DRAW","color":"ANY","number":null}],"hands":[{"botId":1,"cards":[]},{"botId":2,"cards":[{"type":"NUMBER_CARD","color":"GREEN","number":6},{"type":"NUMBER_CARD","color":"ORANGE","number":8},{"type":"NUMBER_CARD","color":"GREEN","number":4},{"type":"NUMBER_CARD","color":"CYAN","number":1},{"type":"NUMBER_CARD","color":"PURPLE","number":8},{"type":"NUMBER_CARD","color":"CYAN","number":4},{"type":"NUMBER_CARD","color":"PURPLE","number":1},{"type":"NUMBER_CARD","color":"GREEN","number":0},{"type":"CHOOSE","color":"ANY","number":null},{"type":"NUMBER_CARD","color":"PURPLE","number":4},{"type":"CHOOSE","color":"ANY","number":null},{"type":"CHOOSE","color":"ANY","number":null},{"type":"NUMBER_CARD","color":"GREEN","number":8},{"type":"SKIP","color":"CYAN","number":null},{"type":"SKIP","color":"ANY","number":null},{"type":"NUMBER_CARD","color":"GREEN","number":1},{"type":"NUMBER_CARD","color":"ORANGE","number":3},{"type":"NUMBER_CARD","color":"ANY","number":2}]}],"actions":[],"logMessages":[{"type":"system","message":"Player 1 played Card(type=NUMBER_CARD, color=GREEN, number=4)"}]},{"topCard":{"type":"NUMBER_CARD","color":"GREEN","number":4},"drawPile":[{"type":"NUMBER_CARD","color":"ANY","number":7},{"type":"DRAW_TWO","color":"CYAN","number":null},{"type":"CHOOSE_DRAW","color":"ANY","number":null},{"type":"NUMBER_CARD","color":"ANY","number":2},{"type":"NUMBER_CARD","color":"ORANGE","number":8},{"type":"NUMBER_CARD","color":"CYAN","number":3},{"type":"SKIP","color":"GREEN","number":null},{"type":"NUMBER_CARD","color":"GREEN","number":4},{"type":"NUMBER_CARD","color":"CYAN","number":1},{"type":"CHOOSE_DRAW","color":"ANY","number":null}],"hands":[{"botId":1,"cards":[]},{"botId":2,"cards":[{"type":"NUMBER_CARD","color":"GREEN","number":6},{"type":"NUMBER_CARD","color":"ORANGE","number":8},{"type":"NUMBER_CARD","color":"GREEN","number":4},{"type":"NUMBER_CARD","color":"CYAN","number":1},{"type":"NUMBER_CARD","color":"PURPLE","number":8},{"type":"NUMBER_CARD","color":"CYAN","number":4},{"type":"NUMBER_CARD","color":"PURPLE","number":1},{"type":"NUMBER_CARD","color":"GREEN","number":0},{"type":"CHOOSE","color":"ANY","number":null},{"type":"NUMBER_CARD","color":"PURPLE","number":4},{"type":"CHOOSE","color":"ANY","number":null},{"type":"CHOOSE","color":"ANY","number":null},{"type":"NUMBER_CARD","color":"GREEN","number":8},{"type":"SKIP","color":"CYAN","number":null},{"type":"SKIP","color":"ANY","number":null},{"type":"NUMBER_CARD","color":"GREEN","number":1},{"type":"NUMBER_CARD","color":"ORANGE","number":3},{"type":"NUMBER_CARD","color":"ANY","number":2}]}],"actions":[],"logMessages":[{"type":"system","message":"Player 2 played Card(type=CHOOSE_DRAW, color=ANY, number=null)"}]},{"topCard":{"type":"CHOOSE_DRAW","color":"ANY","number":null},"drawPile":[{"type":"NUMBER_CARD","color":"ANY","number":7},{"type":"DRAW_TWO","color":"CYAN","number":null},{"type":"CHOOSE_DRAW","color":"ANY","number":null},{"type":"NUMBER_CARD","color":"ANY","number":2},{"type":"NUMBER_CARD","color":"ORANGE","number":8},{"type":"NUMBER_CARD","color":"CYAN","number":3},{"type":"SKIP","color":"GREEN","number":null},{"type":"NUMBER_CARD","color":"GREEN","number":4},{"type":"NUMBER_CARD","color":"CYAN","number":1},{"type":"CHOOSE_DRAW","color":"ANY","number":null}],"hands":[{"botId":1,"cards":[]},{"botId":2,"cards":[{"type":"NUMBER_CARD","color":"GREEN","number":6},{"type":"NUMBER_CARD","color":"ORANGE","number":8},{"type":"NUMBER_CARD","color":"GREEN","number":4},{"type":"NUMBER_CARD","color":"CYAN","number":1},{"type":"NUMBER_CARD","color":"PURPLE","number":8},{"type":"NUMBER_CARD","color":"CYAN","number":4},{"type":"NUMBER_CARD","color":"PURPLE","number":1},{"type":"NUMBER_CARD","color":"GREEN","number":0},{"type":"CHOOSE","color":"ANY","number":null},{"type":"NUMBER_CARD","color":"PURPLE","number":4},{"type":"CHOOSE","color":"ANY","number":null},{"type":"CHOOSE","color":"ANY","number":null},{"type":"NUMBER_CARD","color":"GREEN","number":8},{"type":"SKIP","color":"CYAN","number":null},{"type":"SKIP","color":"ANY","number":null},{"type":"NUMBER_CARD","color":"GREEN","number":1},{"type":"NUMBER_CARD","color":"ORANGE","number":3},{"type":"NUMBER_CARD","color":"ANY","number":2}]}],"actions":[{"botId":1,"type":"DRAW_CARD","card":{"type":"NUMBER_CARD","color":"ANY","number":7}},{"botId":1,"type":"DRAW_CARD","card":{"type":"DRAW_TWO","color":"CYAN","number":null}},{"botId":1,"type":"DRAW_CARD","card":{"type":"CHOOSE_DRAW","color":"ANY","number":null}},{"botId":1,"type":"DRAW_CARD","card":{"type":"NUMBER_CARD","color":"ANY","number":2}}],"logMessages":[{"type":"system","message":"Player 1 picked up Card(type=NUMBER_CARD, color=ANY, number=7)."},{"type":"system","message":"Player 1 picked up Card(type=DRAW_TWO, color=CYAN, number=null)."},{"type":"system","message":"Player 1 picked up Card(type=CHOOSE_DRAW, color=ANY, number=null)."},{"type":"system","message":"Player 1 picked up Card(type=NUMBER_CARD, color=ANY, number=2)."},{"type":"system","message":"Player 1 played Card(type=NUMBER_CARD, color=CYAN, number=5)"}]},{"topCard":{"type":"NUMBER_CARD","color":"CYAN","number":5},"drawPile":[{"type":"NUMBER_CARD","color":"ORANGE","number":8},{"type":"NUMBER_CARD","color":"CYAN","number":3},{"type":"SKIP","color":"GREEN","number":null},{"type":"NUMBER_CARD","color":"GREEN","number":4},{"type":"NUMBER_CARD","color":"CYAN","number":1},{"type":"CHOOSE_DRAW","color":"ANY","number":null},{"type":"NUMBER_CARD","color":"PURPLE","number":7},{"type":"NUMBER_CARD","color":"PURPLE","number":9},{"type":"NUMBER_CARD","color":"PURPLE","number":4},{"type":"NUMBER_CARD","color":"ANY","number":5}],"hands":[{"botId":1,"cards":[]},{"botId":2,"cards":[{"type":"NUMBER_CARD","color":"GREEN","number":6},{"type":"NUMBER_CARD","color":"ORANGE","number":8},{"type":"NUMBER_CARD","color":"GREEN","number":4},{"type":"NUMBER_CARD","color":"CYAN","number":1},{"type":"NUMBER_CARD","color":"PURPLE","number":8},{"type":"NUMBER_CARD","color":"CYAN","number":4},{"type":"NUMBER_CARD","color":"PURPLE","number":1},{"type":"NUMBER_CARD","color":"GREEN","number":0},{"type":"CHOOSE","color":"ANY","number":null},{"type":"NUMBER_CARD","color":"PURPLE","number":4},{"type":"CHOOSE","color":"ANY","number":null},{"type":"CHOOSE","color":"ANY","number":null},{"type":"NUMBER_CARD","color":"GREEN","number":8},{"type":"SKIP","color":"CYAN","number":null},{"type":"SKIP","color":"ANY","number":null},{"type":"NUMBER_CARD","color":"GREEN","number":1},{"type":"NUMBER_CARD","color":"ORANGE","number":3},{"type":"NUMBER_CARD","color":"ANY","number":2}]}],"actions":[{"botId":2,"type":"DRAW_CARD","card":{"type":"NUMBER_CARD","color":"ORANGE","number":8}},{"botId":2,"type":"DRAW_CARD","card":{"type":"NUMBER_CARD","color":"CYAN","number":3}}],"logMessages":[{"type":"system","message":"Player 2 doesn''t have any matching cards."},{"type":"system","message":"Player 2 picked up Card(type=NUMBER_CARD, color=ORANGE, number=8)."},{"type":"system","message":"Player 2 doesn''t have any matching cards."},{"type":"system","message":"Player 2 picked up Card(type=NUMBER_CARD, color=CYAN, number=3)."},{"type":"system","message":"Player 2 played Card(type=NUMBER_CARD, color=CYAN, number=3)"}]},{"topCard":{"type":"NUMBER_CARD","color":"CYAN","number":3},"drawPile":[{"type":"SKIP","color":"GREEN","number":null},{"type":"NUMBER_CARD","color":"GREEN","number":4},{"type":"NUMBER_CARD","color":"CYAN","number":1},{"type":"CHOOSE_DRAW","color":"ANY","number":null},{"type":"NUMBER_CARD","color":"PURPLE","number":7},{"type":"NUMBER_CARD","color":"PURPLE","number":9},{"type":"NUMBER_CARD","color":"PURPLE","number":4},{"type":"NUMBER_CARD","color":"ANY","number":5},{"type":"CHOOSE_DRAW","color":"ANY","number":null},{"type":"CHOOSE_DRAW","color":"ANY","number":null}],"hands":[{"botId":1,"cards":[]},{"botId":2,"cards":[{"type":"NUMBER_CARD","color":"GREEN","number":6},{"type":"NUMBER_CARD","color":"ORANGE","number":8},{"type":"NUMBER_CARD","color":"GREEN","number":4},{"type":"NUMBER_CARD","color":"CYAN","number":1},{"type":"NUMBER_CARD","color":"PURPLE","number":8},{"type":"NUMBER_CARD","color":"CYAN","number":4},{"type":"NUMBER_CARD","color":"PURPLE","number":1},{"type":"NUMBER_CARD","color":"GREEN","number":0},{"type":"CHOOSE","color":"ANY","number":null},{"type":"NUMBER_CARD","color":"PURPLE","number":4},{"type":"CHOOSE","color":"ANY","number":null},{"type":"CHOOSE","color":"ANY","number":null},{"type":"NUMBER_CARD","color":"GREEN","number":8},{"type":"SKIP","color":"CYAN","number":null},{"type":"SKIP","color":"ANY","number":null},{"type":"NUMBER_CARD","color":"GREEN","number":1},{"type":"NUMBER_CARD","color":"ORANGE","number":3},{"type":"NUMBER_CARD","color":"ANY","number":2}]}],"actions":[],"logMessages":[{"type":"system","message":"Player 1 played Card(type=CHOOSE_DRAW, color=ANY, number=null)"}]},{"topCard":{"type":"CHOOSE_DRAW","color":"ANY","number":null},"drawPile":[{"type":"SKIP","color":"GREEN","number":null},{"type":"NUMBER_CARD","color":"GREEN","number":4},{"type":"NUMBER_CARD","color":"CYAN","number":1},{"type":"CHOOSE_DRAW","color":"ANY","number":null},{"type":"NUMBER_CARD","color":"PURPLE","number":7},{"type":"NUMBER_CARD","color":"PURPLE","number":9},{"type":"NUMBER_CARD","color":"PURPLE","number":4},{"type":"NUMBER_CARD","color":"ANY","number":5},{"type":"CHOOSE_DRAW","color":"ANY","number":null},{"type":"CHOOSE_DRAW","color":"ANY","number":null}],"hands":[{"botId":1,"cards":[]},{"botId":2,"cards":[{"type":"NUMBER_CARD","color":"GREEN","number":6},{"type":"NUMBER_CARD","color":"ORANGE","number":8},{"type":"NUMBER_CARD","color":"GREEN","number":4},{"type":"NUMBER_CARD","color":"CYAN","number":1},{"type":"NUMBER_CARD","color":"PURPLE","number":8},{"type":"NUMBER_CARD","color":"CYAN","number":4},{"type":"NUMBER_CARD","color":"PURPLE","number":1},{"type":"NUMBER_CARD","color":"GREEN","number":0},{"type":"CHOOSE","color":"ANY","number":null},{"type":"NUMBER_CARD","color":"PURPLE","number":4},{"type":"CHOOSE","color":"ANY","number":null},{"type":"CHOOSE","color":"ANY","number":null},{"type":"NUMBER_CARD","color":"GREEN","number":8},{"type":"SKIP","color":"CYAN","number":null},{"type":"SKIP","color":"ANY","number":null},{"type":"NUMBER_CARD","color":"GREEN","number":1},{"type":"NUMBER_CARD","color":"ORANGE","number":3},{"type":"NUMBER_CARD","color":"ANY","number":2}]}],"actions":[{"botId":2,"type":"DRAW_CARD","card":{"type":"SKIP","color":"GREEN","number":null}},{"botId":2,"type":"DRAW_CARD","card":{"type":"NUMBER_CARD","color":"GREEN","number":4}},{"botId":2,"type":"DRAW_CARD","card":{"type":"NUMBER_CARD","color":"CYAN","number":1}},{"botId":2,"type":"DRAW_CARD","card":{"type":"CHOOSE_DRAW","color":"ANY","number":null}}],"logMessages":[{"type":"system","message":"Player 2 picked up Card(type=SKIP, color=GREEN, number=null)."},{"type":"system","message":"Player 2 picked up Card(type=NUMBER_CARD, color=GREEN, number=4)."},{"type":"system","message":"Player 2 picked up Card(type=NUMBER_CARD, color=CYAN, number=1)."},{"type":"system","message":"Player 2 picked up Card(type=CHOOSE_DRAW, color=ANY, number=null)."},{"type":"system","message":"Player 2 played Card(type=NUMBER_CARD, color=ANY, number=8)"}]},{"topCard":{"type":"NUMBER_CARD","color":"ANY","number":8},"drawPile":[{"type":"NUMBER_CARD","color":"PURPLE","number":7},{"type":"NUMBER_CARD","color":"PURPLE","number":9},{"type":"NUMBER_CARD","color":"PURPLE","number":4},{"type":"NUMBER_CARD","color":"ANY","number":5},{"type":"CHOOSE_DRAW","color":"ANY","number":null},{"type":"CHOOSE_DRAW","color":"ANY","number":null},{"type":"NUMBER_CARD","color":"PURPLE","number":8},{"type":"NUMBER_CARD","color":"CYAN","number":7},{"type":"NUMBER_CARD","color":"CYAN","number":4},{"type":"NUMBER_CARD","color":"PURPLE","number":1}],"hands":[{"botId":1,"cards":[]},{"botId":2,"cards":[{"type":"NUMBER_CARD","color":"GREEN","number":6},{"type":"NUMBER_CARD","color":"ORANGE","number":8},{"type":"NUMBER_CARD","color":"GREEN","number":4},{"type":"NUMBER_CARD","color":"CYAN","number":1},{"type":"NUMBER_CARD","color":"PURPLE","number":8},{"type":"NUMBER_CARD","color":"CYAN","number":4},{"type":"NUMBER_CARD","color":"PURPLE","number":1},{"type":"NUMBER_CARD","color":"GREEN","number":0},{"type":"CHOOSE","color":"ANY","number":null},{"type":"NUMBER_CARD","color":"PURPLE","number":4},{"type":"CHOOSE","color":"ANY","number":null},{"type":"CHOOSE","color":"ANY","number":null},{"type":"NUMBER_CARD","color":"GREEN","number":8},{"type":"SKIP","color":"CYAN","number":null},{"type":"SKIP","color":"ANY","number":null},{"type":"NUMBER_CARD","color":"GREEN","number":1},{"type":"NUMBER_CARD","color":"ORANGE","number":3},{"type":"NUMBER_CARD","color":"ANY","number":2}]}],"actions":[],"logMessages":[{"type":"system","message":"Player 1 played Card(type=DRAW_TWO, color=CYAN, number=null)"}]},{"topCard":{"type":"DRAW_TWO","color":"CYAN","number":null},"drawPile":[{"type":"NUMBER_CARD","color":"PURPLE","number":7},{"type":"NUMBER_CARD","color":"PURPLE","number":9},{"type":"NUMBER_CARD","color":"PURPLE","number":4},{"type":"NUMBER_CARD","color":"ANY","number":5},{"type":"CHOOSE_DRAW","color":"ANY","number":null},{"type":"CHOOSE_DRAW","color":"ANY","number":null},{"type":"NUMBER_CARD","color":"PURPLE","number":8},{"type":"NUMBER_CARD","color":"CYAN","number":7},{"type":"NUMBER_CARD","color":"CYAN","number":4},{"type":"NUMBER_CARD","color":"PURPLE","number":1}],"hands":[{"botId":1,"cards":[]},{"botId":2,"cards":[{"type":"NUMBER_CARD","color":"GREEN","number":6},{"type":"NUMBER_CARD","color":"ORANGE","number":8},{"type":"NUMBER_CARD","color":"GREEN","number":4},{"type":"NUMBER_CARD","color":"CYAN","number":1},{"type":"NUMBER_CARD","color":"PURPLE","number":8},{"type":"NUMBER_CARD","color":"CYAN","number":4},{"type":"NUMBER_CARD","color":"PURPLE","number":1},{"type":"NUMBER_CARD","color":"GREEN","number":0},{"type":"CHOOSE","color":"ANY","number":null},{"type":"NUMBER_CARD","color":"PURPLE","number":4},{"type":"CHOOSE","color":"ANY","number":null},{"type":"CHOOSE","color":"ANY","number":null},{"type":"NUMBER_CARD","color":"GREEN","number":8},{"type":"SKIP","color":"CYAN","number":null},{"type":"SKIP","color":"ANY","number":null},{"type":"NUMBER_CARD","color":"GREEN","number":1},{"type":"NUMBER_CARD","color":"ORANGE","number":3},{"type":"NUMBER_CARD","color":"ANY","number":2}]}],"actions":[{"botId":2,"type":"DRAW_CARD","card":{"type":"NUMBER_CARD","color":"PURPLE","number":7}},{"botId":2,"type":"DRAW_CARD","card":{"type":"NUMBER_CARD","color":"PURPLE","number":9}}],"logMessages":[{"type":"system","message":"Player 2 picked up Card(type=NUMBER_CARD, color=PURPLE, number=7)."},{"type":"system","message":"Player 2 picked up Card(type=NUMBER_CARD, color=PURPLE, number=9)."},{"type":"system","message":"Player 2 played Card(type=DRAW_TWO, color=ANY, number=null)"}]},{"topCard":{"type":"DRAW_TWO","color":"ANY","number":null},"drawPile":[{"type":"NUMBER_CARD","color":"PURPLE","number":4},{"type":"NUMBER_CARD","color":"ANY","number":5},{"type":"CHOOSE_DRAW","color":"ANY","number":null},{"type":"CHOOSE_DRAW","color":"ANY","number":null},{"type":"NUMBER_CARD","color":"PURPLE","number":8},{"type":"NUMBER_CARD","color":"CYAN","number":7},{"type":"NUMBER_CARD","color":"CYAN","number":4},{"type":"NUMBER_CARD","color":"PURPLE","number":1},{"type":"NUMBER_CARD","color":"GREEN","number":5},{"type":"CHOOSE_DRAW","color":"ANY","number":null}],"hands":[{"botId":1,"cards":[]},{"botId":2,"cards":[{"type":"NUMBER_CARD","color":"GREEN","number":6},{"type":"NUMBER_CARD","color":"ORANGE","number":8},{"type":"NUMBER_CARD","color":"GREEN","number":4},{"type":"NUMBER_CARD","color":"CYAN","number":1},{"type":"NUMBER_CARD","color":"PURPLE","number":8},{"type":"NUMBER_CARD","color":"CYAN","number":4},{"type":"NUMBER_CARD","color":"PURPLE","number":1},{"type":"NUMBER_CARD","color":"GREEN","number":0},{"type":"CHOOSE","color":"ANY","number":null},{"type":"NUMBER_CARD","color":"PURPLE","number":4},{"type":"CHOOSE","color":"ANY","number":null},{"type":"CHOOSE","color":"ANY","number":null},{"type":"NUMBER_CARD","color":"GREEN","number":8},{"type":"SKIP","color":"CYAN","number":null},{"type":"SKIP","color":"ANY","number":null},{"type":"NUMBER_CARD","color":"GREEN","number":1},{"type":"NUMBER_CARD","color":"ORANGE","number":3},{"type":"NUMBER_CARD","color":"ANY","number":2}]}],"actions":[{"botId":1,"type":"DRAW_CARD","card":{"type":"NUMBER_CARD","color":"PURPLE","number":4}},{"botId":1,"type":"DRAW_CARD","card":{"type":"NUMBER_CARD","color":"ANY","number":5}}],"logMessages":[{"type":"system","message":"Player 1 picked up Card(type=NUMBER_CARD, color=PURPLE, number=4)."},{"type":"system","message":"Player 1 picked up Card(type=NUMBER_CARD, color=ANY, number=5)."},{"type":"system","message":"Player 1 played Card(type=NUMBER_CARD, color=ANY, number=5)"}]},{"topCard":{"type":"NUMBER_CARD","color":"ANY","number":5},"drawPile":[{"type":"CHOOSE_DRAW","color":"ANY","number":null},{"type":"CHOOSE_DRAW","color":"ANY","number":null},{"type":"NUMBER_CARD","color":"PURPLE","number":8},{"type":"NUMBER_CARD","color":"CYAN","number":7},{"type":"NUMBER_CARD","color":"CYAN","number":4},{"type":"NUMBER_CARD","color":"PURPLE","number":1},{"type":"NUMBER_CARD","color":"GREEN","number":5},{"type":"CHOOSE_DRAW","color":"ANY","number":null},{"type":"CHOOSE_DRAW","color":"ANY","number":null},{"type":"SKIP","color":"PURPLE","number":null}],"hands":[{"botId":1,"cards":[]},{"botId":2,"cards":[{"type":"NUMBER_CARD","color":"GREEN","number":6},{"type":"NUMBER_CARD","color":"ORANGE","number":8},{"type":"NUMBER_CARD","color":"GREEN","number":4},{"type":"NUMBER_CARD","color":"CYAN","number":1},{"type":"NUMBER_CARD","color":"PURPLE","number":8},{"type":"NUMBER_CARD","color":"CYAN","number":4},{"type":"NUMBER_CARD","color":"PURPLE","number":1},{"type":"NUMBER_CARD","color":"GREEN","number":0},{"type":"CHOOSE","color":"ANY","number":null},{"type":"NUMBER_CARD","color":"PURPLE","number":4},{"type":"CHOOSE","color":"ANY","number":null},{"type":"CHOOSE","color":"ANY","number":null},{"type":"NUMBER_CARD","color":"GREEN","number":8},{"type":"SKIP","color":"CYAN","number":null},{"type":"SKIP","color":"ANY","number":null},{"type":"NUMBER_CARD","color":"GREEN","number":1},{"type":"NUMBER_CARD","color":"ORANGE","number":3},{"type":"NUMBER_CARD","color":"ANY","number":2}]}],"actions":[],"logMessages":[{"type":"system","message":"Player 2 played Card(type=NUMBER_CARD, color=ANY, number=8)"}]},{"topCard":{"type":"NUMBER_CARD","color":"ANY","number":8},"drawPile":[{"type":"CHOOSE_DRAW","color":"ANY","number":null},{"type":"CHOOSE_DRAW","color":"ANY","number":null},{"type":"NUMBER_CARD","color":"PURPLE","number":8},{"type":"NUMBER_CARD","color":"CYAN","number":7},{"type":"NUMBER_CARD","color":"CYAN","number":4},{"type":"NUMBER_CARD","color":"PURPLE","number":1},{"type":"NUMBER_CARD","color":"GREEN","number":5},{"type":"CHOOSE_DRAW","color":"ANY","number":null},{"type":"CHOOSE_DRAW","color":"ANY","number":null},{"type":"SKIP","color":"PURPLE","number":null}],"hands":[{"botId":1,"cards":[]},{"botId":2,"cards":[{"type":"NUMBER_CARD","color":"GREEN","number":6},{"type":"NUMBER_CARD","color":"ORANGE","number":8},{"type":"NUMBER_CARD","color":"GREEN","number":4},{"type":"NUMBER_CARD","color":"CYAN","number":1},{"type":"NUMBER_CARD","color":"PURPLE","number":8},{"type":"NUMBER_CARD","color":"CYAN","number":4},{"type":"NUMBER_CARD","color":"PURPLE","number":1},{"type":"NUMBER_CARD","color":"GREEN","number":0},{"type":"CHOOSE","color":"ANY","number":null},{"type":"NUMBER_CARD","color":"PURPLE","number":4},{"type":"CHOOSE","color":"ANY","number":null},{"type":"CHOOSE","color":"ANY","number":null},{"type":"NUMBER_CARD","color":"GREEN","number":8},{"type":"SKIP","color":"CYAN","number":null},{"type":"SKIP","color":"ANY","number":null},{"type":"NUMBER_CARD","color":"GREEN","number":1},{"type":"NUMBER_CARD","color":"ORANGE","number":3},{"type":"NUMBER_CARD","color":"ANY","number":2}]}],"actions":[],"logMessages":[{"type":"system","message":"Player 1 played Card(type=SWITCH, color=ANY, number=null)"}]},{"topCard":{"type":"SWITCH","color":"ANY","number":null},"drawPile":[{"type":"CHOOSE_DRAW","color":"ANY","number":null},{"type":"CHOOSE_DRAW","color":"ANY","number":null},{"type":"NUMBER_CARD","color":"PURPLE","number":8},{"type":"NUMBER_CARD","color":"CYAN","number":7},{"type":"NUMBER_CARD","color":"CYAN","number":4},{"type":"NUMBER_CARD","color":"PURPLE","number":1},{"type":"NUMBER_CARD","color":"GREEN","number":5},{"type":"CHOOSE_DRAW","color":"ANY","number":null},{"type":"CHOOSE_DRAW","color":"ANY","number":null},{"type":"SKIP","color":"PURPLE","number":null}],"hands":[{"botId":1,"cards":[]},{"botId":2,"cards":[{"type":"NUMBER_CARD","color":"GREEN","number":6},{"type":"NUMBER_CARD","color":"ORANGE","number":8},{"type":"NUMBER_CARD","color":"GREEN","number":4},{"type":"NUMBER_CARD","color":"CYAN","number":1},{"type":"NUMBER_CARD","color":"PURPLE","number":8},{"type":"NUMBER_CARD","color":"CYAN","number":4},{"type":"NUMBER_CARD","color":"PURPLE","number":1},{"type":"NUMBER_CARD","color":"GREEN","number":0},{"type":"CHOOSE","color":"ANY","number":null},{"type":"NUMBER_CARD","color":"PURPLE","number":4},{"type":"CHOOSE","color":"ANY","number":null},{"type":"CHOOSE","color":"ANY","number":null},{"type":"NUMBER_CARD","color":"GREEN","number":8},{"type":"SKIP","color":"CYAN","number":null},{"type":"SKIP","color":"ANY","number":null},{"type":"NUMBER_CARD","color":"GREEN","number":1},{"type":"NUMBER_CARD","color":"ORANGE","number":3},{"type":"NUMBER_CARD","color":"ANY","number":2}]}],"actions":[],"logMessages":[{"type":"system","message":"Player 1 played Card(type=NUMBER_CARD, color=ORANGE, number=5)"}]},{"topCard":{"type":"NUMBER_CARD","color":"ORANGE","number":5},"drawPile":[{"type":"CHOOSE_DRAW","color":"ANY","number":null},{"type":"CHOOSE_DRAW","color":"ANY","number":null},{"type":"NUMBER_CARD","color":"PURPLE","number":8},{"type":"NUMBER_CARD","color":"CYAN","number":7},{"type":"NUMBER_CARD","color":"CYAN","number":4},{"type":"NUMBER_CARD","color":"PURPLE","number":1},{"type":"NUMBER_CARD","color":"GREEN","number":5},{"type":"CHOOSE_DRAW","color":"ANY","number":null},{"type":"CHOOSE_DRAW","color":"ANY","number":null},{"type":"SKIP","color":"PURPLE","number":null}],"hands":[{"botId":1,"cards":[]},{"botId":2,"cards":[{"type":"NUMBER_CARD","color":"GREEN","number":6},{"type":"NUMBER_CARD","color":"ORANGE","number":8},{"type":"NUMBER_CARD","color":"GREEN","number":4},{"type":"NUMBER_CARD","color":"CYAN","number":1},{"type":"NUMBER_CARD","color":"PURPLE","number":8},{"type":"NUMBER_CARD","color":"CYAN","number":4},{"type":"NUMBER_CARD","color":"PURPLE","number":1},{"type":"NUMBER_CARD","color":"GREEN","number":0},{"type":"CHOOSE","color":"ANY","number":null},{"type":"NUMBER_CARD","color":"PURPLE","number":4},{"type":"CHOOSE","color":"ANY","number":null},{"type":"CHOOSE","color":"ANY","number":null},{"type":"NUMBER_CARD","color":"GREEN","number":8},{"type":"SKIP","color":"CYAN","number":null},{"type":"SKIP","color":"ANY","number":null},{"type":"NUMBER_CARD","color":"GREEN","number":1},{"type":"NUMBER_CARD","color":"ORANGE","number":3},{"type":"NUMBER_CARD","color":"ANY","number":2}]}],"actions":[],"logMessages":[{"type":"system","message":"Player 2 played Card(type=DRAW_TWO, color=ORANGE, number=null)"}]},{"topCard":{"type":"DRAW_TWO","color":"ORANGE","number":null},"drawPile":[{"type":"CHOOSE_DRAW","color":"ANY","number":null},{"type":"CHOOSE_DRAW","color":"ANY","number":null},{"type":"NUMBER_CARD","color":"PURPLE","number":8},{"type":"NUMBER_CARD","color":"CYAN","number":7},{"type":"NUMBER_CARD","color":"CYAN","number":4},{"type":"NUMBER_CARD","color":"PURPLE","number":1},{"type":"NUMBER_CARD","color":"GREEN","number":5},{"type":"CHOOSE_DRAW","color":"ANY","number":null},{"type":"CHOOSE_DRAW","color":"ANY","number":null},{"type":"SKIP","color":"PURPLE","number":null}],"hands":[{"botId":1,"cards":[]},{"botId":2,"cards":[{"type":"NUMBER_CARD","color":"GREEN","number":6},{"type":"NUMBER_CARD","color":"ORANGE","number":8},{"type":"NUMBER_CARD","color":"GREEN","number":4},{"type":"NUMBER_CARD","color":"CYAN","number":1},{"type":"NUMBER_CARD","color":"PURPLE","number":8},{"type":"NUMBER_CARD","color":"CYAN","number":4},{"type":"NUMBER_CARD","color":"PURPLE","number":1},{"type":"NUMBER_CARD","color":"GREEN","number":0},{"type":"CHOOSE","color":"ANY","number":null},{"type":"NUMBER_CARD","color":"PURPLE","number":4},{"type":"CHOOSE","color":"ANY","number":null},{"type":"CHOOSE","color":"ANY","number":null},{"type":"NUMBER_CARD","color":"GREEN","number":8},{"type":"SKIP","color":"CYAN","number":null},{"type":"SKIP","color":"ANY","number":null},{"type":"NUMBER_CARD","color":"GREEN","number":1},{"type":"NUMBER_CARD","color":"ORANGE","number":3},{"type":"NUMBER_CARD","color":"ANY","number":2}]}],"actions":[{"botId":1,"type":"DRAW_CARD","card":{"type":"CHOOSE_DRAW","color":"ANY","number":null}},{"botId":1,"type":"DRAW_CARD","card":{"type":"CHOOSE_DRAW","color":"ANY","number":null}}],"logMessages":[{"type":"system","message":"Player 1 picked up Card(type=CHOOSE_DRAW, color=ANY, number=null)."},{"type":"system","message":"Player 1 picked up Card(type=CHOOSE_DRAW, color=ANY, number=null)."},{"type":"system","message":"Player 1 played Card(type=CHOOSE_DRAW, color=ANY, number=null)"}]},{"topCard":{"type":"CHOOSE_DRAW","color":"ANY","number":null},"drawPile":[{"type":"NUMBER_CARD","color":"PURPLE","number":8},{"type":"NUMBER_CARD","color":"CYAN","number":7},{"type":"NUMBER_CARD","color":"CYAN","number":4},{"type":"NUMBER_CARD","color":"PURPLE","number":1},{"type":"NUMBER_CARD","color":"GREEN","number":5},{"type":"CHOOSE_DRAW","color":"ANY","number":null},{"type":"CHOOSE_DRAW","color":"ANY","number":null},{"type":"SKIP","color":"PURPLE","number":null},{"type":"NUMBER_CARD","color":"GREEN","number":0},{"type":"CHOOSE","color":"ANY","number":null}],"hands":[{"botId":1,"cards":[]},{"botId":2,"cards":[{"type":"NUMBER_CARD","color":"GREEN","number":6},{"type":"NUMBER_CARD","color":"ORANGE","number":8},{"type":"NUMBER_CARD","color":"GREEN","number":4},{"type":"NUMBER_CARD","color":"CYAN","number":1},{"type":"NUMBER_CARD","color":"PURPLE","number":8},{"type":"NUMBER_CARD","color":"CYAN","number":4},{"type":"NUMBER_CARD","color":"PURPLE","number":1},{"type":"NUMBER_CARD","color":"GREEN","number":0},{"type":"CHOOSE","color":"ANY","number":null},{"type":"NUMBER_CARD","color":"PURPLE","number":4},{"type":"CHOOSE","color":"ANY","number":null},{"type":"CHOOSE","color":"ANY","number":null},{"type":"NUMBER_CARD","color":"GREEN","number":8},{"type":"SKIP","color":"CYAN","number":null},{"type":"SKIP","color":"ANY","number":null},{"type":"NUMBER_CARD","color":"GREEN","number":1},{"type":"NUMBER_CARD","color":"ORANGE","number":3},{"type":"NUMBER_CARD","color":"ANY","number":2}]}],"actions":[{"botId":2,"type":"DRAW_CARD","card":{"type":"NUMBER_CARD","color":"PURPLE","number":8}},{"botId":2,"type":"DRAW_CARD","card":{"type":"NUMBER_CARD","color":"CYAN","number":7}},{"botId":2,"type":"DRAW_CARD","card":{"type":"NUMBER_CARD","color":"CYAN","number":4}},{"botId":2,"type":"DRAW_CARD","card":{"type":"NUMBER_CARD","color":"PURPLE","number":1}}],"logMessages":[{"type":"system","message":"Player 2 picked up Card(type=NUMBER_CARD, color=PURPLE, number=8)."},{"type":"system","message":"Player 2 picked up Card(type=NUMBER_CARD, color=CYAN, number=7)."},{"type":"system","message":"Player 2 picked up Card(type=NUMBER_CARD, color=CYAN, number=4)."},{"type":"system","message":"Player 2 picked up Card(type=NUMBER_CARD, color=PURPLE, number=1)."},{"type":"system","message":"Player 2 played Card(type=CHOOSE_DRAW, color=ANY, number=null)"}]},{"topCard":{"type":"CHOOSE_DRAW","color":"ANY","number":null},"drawPile":[{"type":"NUMBER_CARD","color":"GREEN","number":5},{"type":"CHOOSE_DRAW","color":"ANY","number":null},{"type":"CHOOSE_DRAW","color":"ANY","number":null},{"type":"SKIP","color":"PURPLE","number":null},{"type":"NUMBER_CARD","color":"GREEN","number":0},{"type":"CHOOSE","color":"ANY","number":null},{"type":"NUMBER_CARD","color":"CYAN","number":9},{"type":"NUMBER_CARD","color":"PURPLE","number":4},{"type":"CHOOSE","color":"ANY","number":null},{"type":"CHOOSE","color":"ANY","number":null}],"hands":[{"botId":1,"cards":[]},{"botId":2,"cards":[{"type":"NUMBER_CARD","color":"GREEN","number":6},{"type":"NUMBER_CARD","color":"ORANGE","number":8},{"type":"NUMBER_CARD","color":"GREEN","number":4},{"type":"NUMBER_CARD","color":"CYAN","number":1},{"type":"NUMBER_CARD","color":"PURPLE","number":8},{"type":"NUMBER_CARD","color":"CYAN","number":4},{"type":"NUMBER_CARD","color":"PURPLE","number":1},{"type":"NUMBER_CARD","color":"GREEN","number":0},{"type":"CHOOSE","color":"ANY","number":null},{"type":"NUMBER_CARD","color":"PURPLE","number":4},{"type":"CHOOSE","color":"ANY","number":null},{"type":"CHOOSE","color":"ANY","number":null},{"type":"NUMBER_CARD","color":"GREEN","number":8},{"type":"SKIP","color":"CYAN","number":null},{"type":"SKIP","color":"ANY","number":null},{"type":"NUMBER_CARD","color":"GREEN","number":1},{"type":"NUMBER_CARD","color":"ORANGE","number":3},{"type":"NUMBER_CARD","color":"ANY","number":2}]}],"actions":[{"botId":1,"type":"DRAW_CARD","card":{"type":"NUMBER_CARD","color":"GREEN","number":5}},{"botId":1,"type":"DRAW_CARD","card":{"type":"CHOOSE_DRAW","color":"ANY","number":null}},{"botId":1,"type":"DRAW_CARD","card":{"type":"CHOOSE_DRAW","color":"ANY","number":null}},{"botId":1,"type":"DRAW_CARD","card":{"type":"SKIP","color":"PURPLE","number":null}}],"logMessages":[{"type":"system","message":"Player 1 picked up Card(type=NUMBER_CARD, color=GREEN, number=5)."},{"type":"system","message":"Player 1 picked up Card(type=CHOOSE_DRAW, color=ANY, number=null)."},{"type":"system","message":"Player 1 picked up Card(type=CHOOSE_DRAW, color=ANY, number=null)."},{"type":"system","message":"Player 1 picked up Card(type=SKIP, color=PURPLE, number=null)."},{"type":"system","message":"Player 1 played Card(type=NUMBER_CARD, color=GREEN, number=5)"}]},{"topCard":{"type":"NUMBER_CARD","color":"GREEN","number":5},"drawPile":[{"type":"NUMBER_CARD","color":"GREEN","number":0},{"type":"CHOOSE","color":"ANY","number":null},{"type":"NUMBER_CARD","color":"CYAN","number":9},{"type":"NUMBER_CARD","color":"PURPLE","number":4},{"type":"CHOOSE","color":"ANY","number":null},{"type":"CHOOSE","color":"ANY","number":null},{"type":"NUMBER_CARD","color":"GREEN","number":8},{"type":"SKIP","color":"CYAN","number":null},{"type":"SKIP","color":"ANY","number":null},{"type":"NUMBER_CARD","color":"GREEN","number":1}],"hands":[{"botId":1,"cards":[]},{"botId":2,"cards":[{"type":"NUMBER_CARD","color":"GREEN","number":6},{"type":"NUMBER_CARD","color":"ORANGE","number":8},{"type":"NUMBER_CARD","color":"GREEN","number":4},{"type":"NUMBER_CARD","color":"CYAN","number":1},{"type":"NUMBER_CARD","color":"PURPLE","number":8},{"type":"NUMBER_CARD","color":"CYAN","number":4},{"type":"NUMBER_CARD","color":"PURPLE","number":1},{"type":"NUMBER_CARD","color":"GREEN","number":0},{"type":"CHOOSE","color":"ANY","number":null},{"type":"NUMBER_CARD","color":"PURPLE","number":4},{"type":"CHOOSE","color":"ANY","number":null},{"type":"CHOOSE","color":"ANY","number":null},{"type":"NUMBER_CARD","color":"GREEN","number":8},{"type":"SKIP","color":"CYAN","number":null},{"type":"SKIP","color":"ANY","number":null},{"type":"NUMBER_CARD","color":"GREEN","number":1},{"type":"NUMBER_CARD","color":"ORANGE","number":3},{"type":"NUMBER_CARD","color":"ANY","number":2}]}],"actions":[],"logMessages":[{"type":"system","message":"Player 2 played Card(type=SKIP, color=GREEN, number=null)"}]},{"topCard":{"type":"SKIP","color":"GREEN","number":null},"drawPile":[{"type":"NUMBER_CARD","color":"GREEN","number":0},{"type":"CHOOSE","color":"ANY","number":null},{"type":"NUMBER_CARD","color":"CYAN","number":9},{"type":"NUMBER_CARD","color":"PURPLE","number":4},{"type":"CHOOSE","color":"ANY","number":null},{"type":"CHOOSE","color":"ANY","number":null},{"type":"NUMBER_CARD","color":"GREEN","number":8},{"type":"SKIP","color":"CYAN","number":null},{"type":"SKIP","color":"ANY","number":null},{"type":"NUMBER_CARD","color":"GREEN","number":1}],"hands":[{"botId":1,"cards":[]},{"botId":2,"cards":[{"type":"NUMBER_CARD","color":"GREEN","number":6},{"type":"NUMBER_CARD","color":"ORANGE","number":8},{"type":"NUMBER_CARD","color":"GREEN","number":4},{"type":"NUMBER_CARD","color":"CYAN","number":1},{"type":"NUMBER_CARD","color":"PURPLE","number":8},{"type":"NUMBER_CARD","color":"CYAN","number":4},{"type":"NUMBER_CARD","color":"PURPLE","number":1},{"type":"NUMBER_CARD","color":"GREEN","number":0},{"type":"CHOOSE","color":"ANY","number":null},{"type":"NUMBER_CARD","color":"PURPLE","number":4},{"type":"CHOOSE","color":"ANY","number":null},{"type":"CHOOSE","color":"ANY","number":null},{"type":"NUMBER_CARD","color":"GREEN","number":8},{"type":"SKIP","color":"CYAN","number":null},{"type":"SKIP","color":"ANY","number":null},{"type":"NUMBER_CARD","color":"GREEN","number":1},{"type":"NUMBER_CARD","color":"ORANGE","number":3},{"type":"NUMBER_CARD","color":"ANY","number":2}]}],"actions":[],"logMessages":[{"type":"system","message":"Player 2 played Card(type=SKIP, color=ANY, number=null)"}]},{"topCard":{"type":"SKIP","color":"ANY","number":null},"drawPile":[{"type":"NUMBER_CARD","color":"GREEN","number":0},{"type":"CHOOSE","color":"ANY","number":null},{"type":"NUMBER_CARD","color":"CYAN","number":9},{"type":"NUMBER_CARD","color":"PURPLE","number":4},{"type":"CHOOSE","color":"ANY","number":null},{"type":"CHOOSE","color":"ANY","number":null},{"type":"NUMBER_CARD","color":"GREEN","number":8},{"type":"SKIP","color":"CYAN","number":null},{"type":"SKIP","color":"ANY","number":null},{"type":"NUMBER_CARD","color":"GREEN","number":1}],"hands":[{"botId":1,"cards":[]},{"botId":2,"cards":[{"type":"NUMBER_CARD","color":"GREEN","number":6},{"type":"NUMBER_CARD","color":"ORANGE","number":8},{"type":"NUMBER_CARD","color":"GREEN","number":4},{"type":"NUMBER_CARD","color":"CYAN","number":1},{"type":"NUMBER_CARD","color":"PURPLE","number":8},{"type":"NUMBER_CARD","color":"CYAN","number":4},{"type":"NUMBER_CARD","color":"PURPLE","number":1},{"type":"NUMBER_CARD","color":"GREEN","number":0},{"type":"CHOOSE","color":"ANY","number":null},{"type":"NUMBER_CARD","color":"PURPLE","number":4},{"type":"CHOOSE","color":"ANY","number":null},{"type":"CHOOSE","color":"ANY","number":null},{"type":"NUMBER_CARD","color":"GREEN","number":8},{"type":"SKIP","color":"CYAN","number":null},{"type":"SKIP","color":"ANY","number":null},{"type":"NUMBER_CARD","color":"GREEN","number":1},{"type":"NUMBER_CARD","color":"ORANGE","number":3},{"type":"NUMBER_CARD","color":"ANY","number":2}]}],"actions":[],"logMessages":[{"type":"system","message":"Player 2 played Card(type=NUMBER_CARD, color=ANY, number=9)"}]},{"topCard":{"type":"NUMBER_CARD","color":"ANY","number":9},"drawPile":[{"type":"NUMBER_CARD","color":"GREEN","number":0},{"type":"CHOOSE","color":"ANY","number":null},{"type":"NUMBER_CARD","color":"CYAN","number":9},{"type":"NUMBER_CARD","color":"PURPLE","number":4},{"type":"CHOOSE","color":"ANY","number":null},{"type":"CHOOSE","color":"ANY","number":null},{"type":"NUMBER_CARD","color":"GREEN","number":8},{"type":"SKIP","color":"CYAN","number":null},{"type":"SKIP","color":"ANY","number":null},{"type":"NUMBER_CARD","color":"GREEN","number":1}],"hands":[{"botId":1,"cards":[]},{"botId":2,"cards":[{"type":"NUMBER_CARD","color":"GREEN","number":6},{"type":"NUMBER_CARD","color":"ORANGE","number":8},{"type":"NUMBER_CARD","color":"GREEN","number":4},{"type":"NUMBER_CARD","color":"CYAN","number":1},{"type":"NUMBER_CARD","color":"PURPLE","number":8},{"type":"NUMBER_CARD","color":"CYAN","number":4},{"type":"NUMBER_CARD","color":"PURPLE","number":1},{"type":"NUMBER_CARD","color":"GREEN","number":0},{"type":"CHOOSE","color":"ANY","number":null},{"type":"NUMBER_CARD","color":"PURPLE","number":4},{"type":"CHOOSE","color":"ANY","number":null},{"type":"CHOOSE","color":"ANY","number":null},{"type":"NUMBER_CARD","color":"GREEN","number":8},{"type":"SKIP","color":"CYAN","number":null},{"type":"SKIP","color":"ANY","number":null},{"type":"NUMBER_CARD","color":"GREEN","number":1},{"type":"NUMBER_CARD","color":"ORANGE","number":3},{"type":"NUMBER_CARD","color":"ANY","number":2}]}],"actions":[],"logMessages":[{"type":"system","message":"Player 1 played Card(type=CHOOSE_DRAW, color=ANY, number=null)"}]},{"topCard":{"type":"CHOOSE_DRAW","color":"ANY","number":null},"drawPile":[{"type":"NUMBER_CARD","color":"GREEN","number":0},{"type":"CHOOSE","color":"ANY","number":null},{"type":"NUMBER_CARD","color":"CYAN","number":9},{"type":"NUMBER_CARD","color":"PURPLE","number":4},{"type":"CHOOSE","color":"ANY","number":null},{"type":"CHOOSE","color":"ANY","number":null},{"type":"NUMBER_CARD","color":"GREEN","number":8},{"type":"SKIP","color":"CYAN","number":null},{"type":"SKIP","color":"ANY","number":null},{"type":"NUMBER_CARD","color":"GREEN","number":1}],"hands":[{"botId":1,"cards":[]},{"botId":2,"cards":[{"type":"NUMBER_CARD","color":"GREEN","number":6},{"type":"NUMBER_CARD","color":"ORANGE","number":8},{"type":"NUMBER_CARD","color":"GREEN","number":4},{"type":"NUMBER_CARD","color":"CYAN","number":1},{"type":"NUMBER_CARD","color":"PURPLE","number":8},{"type":"NUMBER_CARD","color":"CYAN","number":4},{"type":"NUMBER_CARD","color":"PURPLE","number":1},{"type":"NUMBER_CARD","color":"GREEN","number":0},{"type":"CHOOSE","color":"ANY","number":null},{"type":"NUMBER_CARD","color":"PURPLE","number":4},{"type":"CHOOSE","color":"ANY","number":null},{"type":"CHOOSE","color":"ANY","number":null},{"type":"NUMBER_CARD","color":"GREEN","number":8},{"type":"SKIP","color":"CYAN","number":null},{"type":"SKIP","color":"ANY","number":null},{"type":"NUMBER_CARD","color":"GREEN","number":1},{"type":"NUMBER_CARD","color":"ORANGE","number":3},{"type":"NUMBER_CARD","color":"ANY","number":2}]}],"actions":[{"botId":2,"type":"DRAW_CARD","card":{"type":"NUMBER_CARD","color":"GREEN","number":0}},{"botId":2,"type":"DRAW_CARD","card":{"type":"CHOOSE","color":"ANY","number":null}},{"botId":2,"type":"DRAW_CARD","card":{"type":"NUMBER_CARD","color":"CYAN","number":9}},{"botId":2,"type":"DRAW_CARD","card":{"type":"NUMBER_CARD","color":"PURPLE","number":4}}],"logMessages":[{"type":"system","message":"Player 2 picked up Card(type=NUMBER_CARD, color=GREEN, number=0)."},{"type":"system","message":"Player 2 picked up Card(type=CHOOSE, color=ANY, number=null)."},{"type":"system","message":"Player 2 picked up Card(type=NUMBER_CARD, color=CYAN, number=9)."},{"type":"system","message":"Player 2 picked up Card(type=NUMBER_CARD, color=PURPLE, number=4)."},{"type":"system","message":"Player 2 played Card(type=NUMBER_CARD, color=CYAN, number=9)"}]},{"topCard":{"type":"NUMBER_CARD","color":"CYAN","number":9},"drawPile":[{"type":"CHOOSE","color":"ANY","number":null},{"type":"CHOOSE","color":"ANY","number":null},{"type":"NUMBER_CARD","color":"GREEN","number":8},{"type":"SKIP","color":"CYAN","number":null},{"type":"SKIP","color":"ANY","number":null},{"type":"NUMBER_CARD","color":"GREEN","number":1},{"type":"NUMBER_CARD","color":"ORANGE","number":3},{"type":"NUMBER_CARD","color":"ANY","number":2},{"type":"NUMBER_CARD","color":"GREEN","number":6},{"type":"CHOOSE_DRAW","color":"ANY","number":null}],"hands":[{"botId":1,"cards":[]},{"botId":2,"cards":[{"type":"NUMBER_CARD","color":"GREEN","number":6},{"type":"NUMBER_CARD","color":"ORANGE","number":8},{"type":"NUMBER_CARD","color":"GREEN","number":4},{"type":"NUMBER_CARD","color":"CYAN","number":1},{"type":"NUMBER_CARD","color":"PURPLE","number":8},{"type":"NUMBER_CARD","color":"CYAN","number":4},{"type":"NUMBER_CARD","color":"PURPLE","number":1},{"type":"NUMBER_CARD","color":"GREEN","number":0},{"type":"CHOOSE","color":"ANY","number":null},{"type":"NUMBER_CARD","color":"PURPLE","number":4},{"type":"CHOOSE","color":"ANY","number":null},{"type":"CHOOSE","color":"ANY","number":null},{"type":"NUMBER_CARD","color":"GREEN","number":8},{"type":"SKIP","color":"CYAN","number":null},{"type":"SKIP","color":"ANY","number":null},{"type":"NUMBER_CARD","color":"GREEN","number":1},{"type":"NUMBER_CARD","color":"ORANGE","number":3},{"type":"NUMBER_CARD","color":"ANY","number":2}]}],"actions":[],"logMessages":[{"type":"system","message":"Player 1 played Card(type=CHOOSE_DRAW, color=ANY, number=null)"}]},{"topCard":{"type":"CHOOSE_DRAW","color":"ANY","number":null},"drawPile":[{"type":"CHOOSE","color":"ANY","number":null},{"type":"CHOOSE","color":"ANY","number":null},{"type":"NUMBER_CARD","color":"GREEN","number":8},{"type":"SKIP","color":"CYAN","number":null},{"type":"SKIP","color":"ANY","number":null},{"type":"NUMBER_CARD","color":"GREEN","number":1},{"type":"NUMBER_CARD","color":"ORANGE","number":3},{"type":"NUMBER_CARD","color":"ANY","number":2},{"type":"NUMBER_CARD","color":"GREEN","number":6},{"type":"CHOOSE_DRAW","color":"ANY","number":null}],"hands":[{"botId":1,"cards":[]},{"botId":2,"cards":[{"type":"NUMBER_CARD","color":"GREEN","number":6},{"type":"NUMBER_CARD","color":"ORANGE","number":8},{"type":"NUMBER_CARD","color":"GREEN","number":4},{"type":"NUMBER_CARD","color":"CYAN","number":1},{"type":"NUMBER_CARD","color":"PURPLE","number":8},{"type":"NUMBER_CARD","color":"CYAN","number":4},{"type":"NUMBER_CARD","color":"PURPLE","number":1},{"type":"NUMBER_CARD","color":"GREEN","number":0},{"type":"CHOOSE","color":"ANY","number":null},{"type":"NUMBER_CARD","color":"PURPLE","number":4},{"type":"CHOOSE","color":"ANY","number":null},{"type":"CHOOSE","color":"ANY","number":null},{"type":"NUMBER_CARD","color":"GREEN","number":8},{"type":"SKIP","color":"CYAN","number":null},{"type":"SKIP","color":"ANY","number":null},{"type":"NUMBER_CARD","color":"GREEN","number":1},{"type":"NUMBER_CARD","color":"ORANGE","number":3},{"type":"NUMBER_CARD","color":"ANY","number":2}]}],"actions":[{"botId":2,"type":"DRAW_CARD","card":{"type":"CHOOSE","color":"ANY","number":null}},{"botId":2,"type":"DRAW_CARD","card":{"type":"CHOOSE","color":"ANY","number":null}},{"botId":2,"type":"DRAW_CARD","card":{"type":"NUMBER_CARD","color":"GREEN","number":8}},{"botId":2,"type":"DRAW_CARD","card":{"type":"SKIP","color":"CYAN","number":null}}],"logMessages":[{"type":"system","message":"Player 2 picked up Card(type=CHOOSE, color=ANY, number=null)."},{"type":"system","message":"Player 2 picked up Card(type=CHOOSE, color=ANY, number=null)."},{"type":"system","message":"Player 2 picked up Card(type=NUMBER_CARD, color=GREEN, number=8)."},{"type":"system","message":"Player 2 picked up Card(type=SKIP, color=CYAN, number=null)."},{"type":"system","message":"Player 2 played Card(type=NUMBER_CARD, color=PURPLE, number=9)"}]},{"topCard":{"type":"NUMBER_CARD","color":"PURPLE","number":9},"drawPile":[{"type":"SKIP","color":"ANY","number":null},{"type":"NUMBER_CARD","color":"GREEN","number":1},{"type":"NUMBER_CARD","color":"ORANGE","number":3},{"type":"NUMBER_CARD","color":"ANY","number":2},{"type":"NUMBER_CARD","color":"GREEN","number":6},{"type":"CHOOSE_DRAW","color":"ANY","number":null},{"type":"NUMBER_CARD","color":"ORANGE","number":3},{"type":"CHOOSE","color":"ANY","number":null},{"type":"CHOOSE","color":"ANY","number":null},{"type":"CHOOSE","color":"ANY","number":null}],"hands":[{"botId":1,"cards":[]},{"botId":2,"cards":[{"type":"NUMBER_CARD","color":"GREEN","number":6},{"type":"NUMBER_CARD","color":"ORANGE","number":8},{"type":"NUMBER_CARD","color":"GREEN","number":4},{"type":"NUMBER_CARD","color":"CYAN","number":1},{"type":"NUMBER_CARD","color":"PURPLE","number":8},{"type":"NUMBER_CARD","color":"CYAN","number":4},{"type":"NUMBER_CARD","color":"PURPLE","number":1},{"type":"NUMBER_CARD","color":"GREEN","number":0},{"type":"CHOOSE","color":"ANY","number":null},{"type":"NUMBER_CARD","color":"PURPLE","number":4},{"type":"CHOOSE","color":"ANY","number":null},{"type":"CHOOSE","color":"ANY","number":null},{"type":"NUMBER_CARD","color":"GREEN","number":8},{"type":"SKIP","color":"CYAN","number":null},{"type":"SKIP","color":"ANY","number":null},{"type":"NUMBER_CARD","color":"GREEN","number":1},{"type":"NUMBER_CARD","color":"ORANGE","number":3},{"type":"NUMBER_CARD","color":"ANY","number":2}]}],"actions":[],"logMessages":[{"type":"system","message":"Player 1 played Card(type=CHOOSE_DRAW, color=ANY, number=null)"}]},{"topCard":{"type":"CHOOSE_DRAW","color":"ANY","number":null},"drawPile":[{"type":"SKIP","color":"ANY","number":null},{"type":"NUMBER_CARD","color":"GREEN","number":1},{"type":"NUMBER_CARD","color":"ORANGE","number":3},{"type":"NUMBER_CARD","color":"ANY","number":2},{"type":"NUMBER_CARD","color":"GREEN","number":6},{"type":"CHOOSE_DRAW","color":"ANY","number":null},{"type":"NUMBER_CARD","color":"ORANGE","number":3},{"type":"CHOOSE","color":"ANY","number":null},{"type":"CHOOSE","color":"ANY","number":null},{"type":"CHOOSE","color":"ANY","number":null}],"hands":[{"botId":1,"cards":[]},{"botId":2,"cards":[{"type":"NUMBER_CARD","color":"GREEN","number":6},{"type":"NUMBER_CARD","color":"ORANGE","number":8},{"type":"NUMBER_CARD","color":"GREEN","number":4},{"type":"NUMBER_CARD","color":"CYAN","number":1},{"type":"NUMBER_CARD","color":"PURPLE","number":8},{"type":"NUMBER_CARD","color":"CYAN","number":4},{"type":"NUMBER_CARD","color":"PURPLE","number":1},{"type":"NUMBER_CARD","color":"GREEN","number":0},{"type":"CHOOSE","color":"ANY","number":null},{"type":"NUMBER_CARD","color":"PURPLE","number":4},{"type":"CHOOSE","color":"ANY","number":null},{"type":"CHOOSE","color":"ANY","number":null},{"type":"NUMBER_CARD","color":"GREEN","number":8},{"type":"SKIP","color":"CYAN","number":null},{"type":"SKIP","color":"ANY","number":null},{"type":"NUMBER_CARD","color":"GREEN","number":1},{"type":"NUMBER_CARD","color":"ORANGE","number":3},{"type":"NUMBER_CARD","color":"ANY","number":2}]}],"actions":[{"botId":2,"type":"DRAW_CARD","card":{"type":"SKIP","color":"ANY","number":null}},{"botId":2,"type":"DRAW_CARD","card":{"type":"NUMBER_CARD","color":"GREEN","number":1}},{"botId":2,"type":"DRAW_CARD","card":{"type":"NUMBER_CARD","color":"ORANGE","number":3}},{"botId":2,"type":"DRAW_CARD","card":{"type":"NUMBER_CARD","color":"ANY","number":2}}],"logMessages":[{"type":"system","message":"Player 2 picked up Card(type=SKIP, color=ANY, number=null)."},{"type":"system","message":"Player 2 picked up Card(type=NUMBER_CARD, color=GREEN, number=1)."},{"type":"system","message":"Player 2 picked up Card(type=NUMBER_CARD, color=ORANGE, number=3)."},{"type":"system","message":"Player 2 picked up Card(type=NUMBER_CARD, color=ANY, number=2)."},{"type":"system","message":"Player 2 played Card(type=NUMBER_CARD, color=CYAN, number=7)"}]},{"topCard":{"type":"NUMBER_CARD","color":"CYAN","number":7},"drawPile":[{"type":"NUMBER_CARD","color":"GREEN","number":6},{"type":"CHOOSE_DRAW","color":"ANY","number":null},{"type":"NUMBER_CARD","color":"ORANGE","number":3},{"type":"CHOOSE","color":"ANY","number":null},{"type":"CHOOSE","color":"ANY","number":null},{"type":"CHOOSE","color":"ANY","number":null},{"type":"DRAW_TWO","color":"CYAN","number":null},{"type":"CHOOSE_DRAW","color":"ANY","number":null},{"type":"CHOOSE","color":"ANY","number":null},{"type":"NUMBER_CARD","color":"ORANGE","number":8}],"hands":[{"botId":1,"cards":[]},{"botId":2,"cards":[{"type":"NUMBER_CARD","color":"GREEN","number":6},{"type":"NUMBER_CARD","color":"ORANGE","number":8},{"type":"NUMBER_CARD","color":"GREEN","number":4},{"type":"NUMBER_CARD","color":"CYAN","number":1},{"type":"NUMBER_CARD","color":"PURPLE","number":8},{"type":"NUMBER_CARD","color":"CYAN","number":4},{"type":"NUMBER_CARD","color":"PURPLE","number":1},{"type":"NUMBER_CARD","color":"GREEN","number":0},{"type":"CHOOSE","color":"ANY","number":null},{"type":"NUMBER_CARD","color":"PURPLE","number":4},{"type":"CHOOSE","color":"ANY","number":null},{"type":"CHOOSE","color":"ANY","number":null},{"type":"NUMBER_CARD","color":"GREEN","number":8},{"type":"SKIP","color":"CYAN","number":null},{"type":"SKIP","color":"ANY","number":null},{"type":"NUMBER_CARD","color":"GREEN","number":1},{"type":"NUMBER_CARD","color":"ORANGE","number":3},{"type":"NUMBER_CARD","color":"ANY","number":2}]}],"actions":[],"logMessages":[{"type":"system","message":"Player 1 played Card(type=NUMBER_CARD, color=ANY, number=7)"}]},{"topCard":{"type":"NUMBER_CARD","color":"ANY","number":7},"drawPile":[{"type":"NUMBER_CARD","color":"GREEN","number":6},{"type":"CHOOSE_DRAW","color":"ANY","number":null},{"type":"NUMBER_CARD","color":"ORANGE","number":3},{"type":"CHOOSE","color":"ANY","number":null},{"type":"CHOOSE","color":"ANY","number":null},{"type":"CHOOSE","color":"ANY","number":null},{"type":"DRAW_TWO","color":"CYAN","number":null},{"type":"CHOOSE_DRAW","color":"ANY","number":null},{"type":"CHOOSE","color":"ANY","number":null},{"type":"NUMBER_CARD","color":"ORANGE","number":8}],"hands":[{"botId":1,"cards":[]},{"botId":2,"cards":[{"type":"NUMBER_CARD","color":"GREEN","number":6},{"type":"NUMBER_CARD","color":"ORANGE","number":8},{"type":"NUMBER_CARD","color":"GREEN","number":4},{"type":"NUMBER_CARD","color":"CYAN","number":1},{"type":"NUMBER_CARD","color":"PURPLE","number":8},{"type":"NUMBER_CARD","color":"CYAN","number":4},{"type":"NUMBER_CARD","color":"PURPLE","number":1},{"type":"NUMBER_CARD","color":"GREEN","number":0},{"type":"CHOOSE","color":"ANY","number":null},{"type":"NUMBER_CARD","color":"PURPLE","number":4},{"type":"CHOOSE","color":"ANY","number":null},{"type":"CHOOSE","color":"ANY","number":null},{"type":"NUMBER_CARD","color":"GREEN","number":8},{"type":"SKIP","color":"CYAN","number":null},{"type":"SKIP","color":"ANY","number":null},{"type":"NUMBER_CARD","color":"GREEN","number":1},{"type":"NUMBER_CARD","color":"ORANGE","number":3},{"type":"NUMBER_CARD","color":"ANY","number":2}]}],"actions":[],"logMessages":[{"type":"system","message":"Player 2 played Card(type=NUMBER_CARD, color=ORANGE, number=2)"}]},{"topCard":{"type":"NUMBER_CARD","color":"ORANGE","number":2},"drawPile":[{"type":"NUMBER_CARD","color":"GREEN","number":6},{"type":"CHOOSE_DRAW","color":"ANY","number":null},{"type":"NUMBER_CARD","color":"ORANGE","number":3},{"type":"CHOOSE","color":"ANY","number":null},{"type":"CHOOSE","color":"ANY","number":null},{"type":"CHOOSE","color":"ANY","number":null},{"type":"DRAW_TWO","color":"CYAN","number":null},{"type":"CHOOSE_DRAW","color":"ANY","number":null},{"type":"CHOOSE","color":"ANY","number":null},{"type":"NUMBER_CARD","color":"ORANGE","number":8}],"hands":[{"botId":1,"cards":[]},{"botId":2,"cards":[{"type":"NUMBER_CARD","color":"GREEN","number":6},{"type":"NUMBER_CARD","color":"ORANGE","number":8},{"type":"NUMBER_CARD","color":"GREEN","number":4},{"type":"NUMBER_CARD","color":"CYAN","number":1},{"type":"NUMBER_CARD","color":"PURPLE","number":8},{"type":"NUMBER_CARD","color":"CYAN","number":4},{"type":"NUMBER_CARD","color":"PURPLE","number":1},{"type":"NUMBER_CARD","color":"GREEN","number":0},{"type":"CHOOSE","color":"ANY","number":null},{"type":"NUMBER_CARD","color":"PURPLE","number":4},{"type":"CHOOSE","color":"ANY","number":null},{"type":"CHOOSE","color":"ANY","number":null},{"type":"NUMBER_CARD","color":"GREEN","number":8},{"type":"SKIP","color":"CYAN","number":null},{"type":"SKIP","color":"ANY","number":null},{"type":"NUMBER_CARD","color":"GREEN","number":1},{"type":"NUMBER_CARD","color":"ORANGE","number":3},{"type":"NUMBER_CARD","color":"ANY","number":2}]}],"actions":[],"logMessages":[{"type":"system","message":"Player 1 played Card(type=NUMBER_CARD, color=ANY, number=2)"}]},{"topCard":{"type":"NUMBER_CARD","color":"ANY","number":2},"drawPile":[{"type":"NUMBER_CARD","color":"GREEN","number":6},{"type":"CHOOSE_DRAW","color":"ANY","number":null},{"type":"NUMBER_CARD","color":"ORANGE","number":3},{"type":"CHOOSE","color":"ANY","number":null},{"type":"CHOOSE","color":"ANY","number":null},{"type":"CHOOSE","color":"ANY","number":null},{"type":"DRAW_TWO","color":"CYAN","number":null},{"type":"CHOOSE_DRAW","color":"ANY","number":null},{"type":"CHOOSE","color":"ANY","number":null},{"type":"NUMBER_CARD","color":"ORANGE","number":8}],"hands":[{"botId":1,"cards":[]},{"botId":2,"cards":[{"type":"NUMBER_CARD","color":"GREEN","number":6},{"type":"NUMBER_CARD","color":"ORANGE","number":8},{"type":"NUMBER_CARD","color":"GREEN","number":4},{"type":"NUMBER_CARD","color":"CYAN","number":1},{"type":"NUMBER_CARD","color":"PURPLE","number":8},{"type":"NUMBER_CARD","color":"CYAN","number":4},{"type":"NUMBER_CARD","color":"PURPLE","number":1},{"type":"NUMBER_CARD","color":"GREEN","number":0},{"type":"CHOOSE","color":"ANY","number":null},{"type":"NUMBER_CARD","color":"PURPLE","number":4},{"type":"CHOOSE","color":"ANY","number":null},{"type":"CHOOSE","color":"ANY","number":null},{"type":"NUMBER_CARD","color":"GREEN","number":8},{"type":"SKIP","color":"CYAN","number":null},{"type":"SKIP","color":"ANY","number":null},{"type":"NUMBER_CARD","color":"GREEN","number":1},{"type":"NUMBER_CARD","color":"ORANGE","number":3},{"type":"NUMBER_CARD","color":"ANY","number":2}]}],"actions":[],"logMessages":[{"type":"system","message":"Player 2 played Card(type=NUMBER_CARD, color=PURPLE, number=7)"}]},{"topCard":{"type":"NUMBER_CARD","color":"PURPLE","number":7},"drawPile":[{"type":"NUMBER_CARD","color":"GREEN","number":6},{"type":"CHOOSE_DRAW","color":"ANY","number":null},{"type":"NUMBER_CARD","color":"ORANGE","number":3},{"type":"CHOOSE","color":"ANY","number":null},{"type":"CHOOSE","color":"ANY","number":null},{"type":"CHOOSE","color":"ANY","number":null},{"type":"DRAW_TWO","color":"CYAN","number":null},{"type":"CHOOSE_DRAW","color":"ANY","number":null},{"type":"CHOOSE","color":"ANY","number":null},{"type":"NUMBER_CARD","color":"ORANGE","number":8}],"hands":[{"botId":1,"cards":[]},{"botId":2,"cards":[{"type":"NUMBER_CARD","color":"GREEN","number":6},{"type":"NUMBER_CARD","color":"ORANGE","number":8},{"type":"NUMBER_CARD","color":"GREEN","number":4},{"type":"NUMBER_CARD","color":"CYAN","number":1},{"type":"NUMBER_CARD","color":"PURPLE","number":8},{"type":"NUMBER_CARD","color":"CYAN","number":4},{"type":"NUMBER_CARD","color":"PURPLE","number":1},{"type":"NUMBER_CARD","color":"GREEN","number":0},{"type":"CHOOSE","color":"ANY","number":null},{"type":"NUMBER_CARD","color":"PURPLE","number":4},{"type":"CHOOSE","color":"ANY","number":null},{"type":"CHOOSE","color":"ANY","number":null},{"type":"NUMBER_CARD","color":"GREEN","number":8},{"type":"SKIP","color":"CYAN","number":null},{"type":"SKIP","color":"ANY","number":null},{"type":"NUMBER_CARD","color":"GREEN","number":1},{"type":"NUMBER_CARD","color":"ORANGE","number":3},{"type":"NUMBER_CARD","color":"ANY","number":2}]}],"actions":[],"logMessages":[{"type":"system","message":"Player 1 played Card(type=SKIP, color=PURPLE, number=null)"}]},{"topCard":{"type":"SKIP","color":"PURPLE","number":null},"drawPile":[{"type":"NUMBER_CARD","color":"GREEN","number":6},{"type":"CHOOSE_DRAW","color":"ANY","number":null},{"type":"NUMBER_CARD","color":"ORANGE","number":3},{"type":"CHOOSE","color":"ANY","number":null},{"type":"CHOOSE","color":"ANY","number":null},{"type":"CHOOSE","color":"ANY","number":null},{"type":"DRAW_TWO","color":"CYAN","number":null},{"type":"CHOOSE_DRAW","color":"ANY","number":null},{"type":"CHOOSE","color":"ANY","number":null},{"type":"NUMBER_CARD","color":"ORANGE","number":8}],"hands":[{"botId":1,"cards":[]},{"botId":2,"cards":[{"type":"NUMBER_CARD","color":"GREEN","number":6},{"type":"NUMBER_CARD","color":"ORANGE","number":8},{"type":"NUMBER_CARD","color":"GREEN","number":4},{"type":"NUMBER_CARD","color":"CYAN","number":1},{"type":"NUMBER_CARD","color":"PURPLE","number":8},{"type":"NUMBER_CARD","color":"CYAN","number":4},{"type":"NUMBER_CARD","color":"PURPLE","number":1},{"type":"NUMBER_CARD","color":"GREEN","number":0},{"type":"CHOOSE","color":"ANY","number":null},{"type":"NUMBER_CARD","color":"PURPLE","number":4},{"type":"CHOOSE","color":"ANY","number":null},{"type":"CHOOSE","color":"ANY","number":null},{"type":"NUMBER_CARD","color":"GREEN","number":8},{"type":"SKIP","color":"CYAN","number":null},{"type":"SKIP","color":"ANY","number":null},{"type":"NUMBER_CARD","color":"GREEN","number":1},{"type":"NUMBER_CARD","color":"ORANGE","number":3},{"type":"NUMBER_CARD","color":"ANY","number":2}]}],"actions":[],"logMessages":[{"type":"system","message":"Player 1 played Card(type=NUMBER_CARD, color=PURPLE, number=4)"},{"type":"system","message":"Player 1 won!!!"}]}]',
     'COMPLETED', ARRAY[10000, 10001], CURRENT_TIMESTAMP, CURRENT_TIMESTAMP);
